"match_id","match_timestamp","winning_team","losing_team","winning_team_score","losing_team_score","map","region","event","league"
1,"2024-02-16 17:00:00","NRG","FUR",13,10,"Breeze","Americas","Americas Kickoff","VCT"
2,"2024-02-16 17:00:00","NRG","FUR",13,8,"Ascent","Americas","Americas Kickoff","VCT"
3,"2024-02-16 20:00:00","C9","MIBR",13,11,"Bind","Americas","Americas Kickoff","VCT"
4,"2024-02-16 20:00:00","MIBR","C9",13,8,"Split","Americas","Americas Kickoff","VCT"
5,"2024-02-16 20:00:00","C9","MIBR",13,10,"Lotus","Americas","Americas Kickoff","VCT"
6,"2024-02-17 17:00:00","LOUD","SEN",13,11,"Split","Americas","Americas Kickoff","VCT"
7,"2024-02-17 17:00:00","LOUD","SEN",13,9,"Ascent","Americas","Americas Kickoff","VCT"
8,"2024-02-17 19:35:00","LEV","100T",13,9,"Bind","Americas","Americas Kickoff","VCT"
9,"2024-02-17 19:35:00","100T","LEV",13,3,"Split","Americas","Americas Kickoff","VCT"
10,"2024-02-17 19:35:00","LEV","100T",13,11,"Icebox","Americas","Americas Kickoff","VCT"
11,"2024-02-18 17:00:00","KRU","G2",13,9,"Icebox","Americas","Americas Kickoff","VCT"
12,"2024-02-18 17:00:00","G2","KRU",13,9,"Sunset","Americas","Americas Kickoff","VCT"
13,"2024-02-18 17:00:00","G2","KRU",13,11,"Ascent","Americas","Americas Kickoff","VCT"
14,"2024-02-19 17:00:00","MIBR","FUR",13,9,"Split","Americas","Americas Kickoff","VCT"
15,"2024-02-19 17:00:00","MIBR","FUR",13,11,"Breeze","Americas","Americas Kickoff","VCT"
16,"2024-02-19 19:45:00","SEN","100T",13,5,"Lotus","Americas","Americas Kickoff","VCT"
17,"2024-02-19 19:45:00","100T","SEN",13,6,"Bind","Americas","Americas Kickoff","VCT"
18,"2024-02-19 19:45:00","SEN","100T",13,8,"Split","Americas","Americas Kickoff","VCT"
19,"2024-02-23 17:00:00","NRG","C9",13,7,"Sunset","Americas","Americas Kickoff","VCT"
20,"2024-02-23 17:00:00","NRG","C9",14,12,"Ascent","Americas","Americas Kickoff","VCT"
21,"2024-02-23 19:25:00","LEV","LOUD",13,11,"Bind","Americas","Americas Kickoff","VCT"
22,"2024-02-23 19:25:00","LOUD","LEV",13,10,"Split","Americas","Americas Kickoff","VCT"
23,"2024-02-23 19:25:00","LOUD","LEV",13,7,"Ascent","Americas","Americas Kickoff","VCT"
24,"2024-02-24 17:00:00","EG","G2",15,13,"Sunset","Americas","Americas Kickoff","VCT"
25,"2024-02-24 17:00:00","EG","G2",13,11,"Icebox","Americas","Americas Kickoff","VCT"
26,"2024-02-25 15:00:00","MIBR","C9",14,12,"Bind","Americas","Americas Kickoff","VCT"
27,"2024-02-25 15:00:00","MIBR","C9",13,9,"Ascent","Americas","Americas Kickoff","VCT"
28,"2024-02-25 17:40:00","SEN","LEV",13,3,"Split","Americas","Americas Kickoff","VCT"
29,"2024-02-25 17:40:00","LEV","SEN",13,6,"Breeze","Americas","Americas Kickoff","VCT"
30,"2024-02-25 17:40:00","SEN","LEV",13,9,"Bind","Americas","Americas Kickoff","VCT"
31,"2024-02-25 20:55:00","G2","KRU",13,8,"Split","Americas","Americas Kickoff","VCT"
32,"2024-02-25 20:55:00","G2","KRU",13,8,"Sunset","Americas","Americas Kickoff","VCT"
33,"2024-02-26 15:00:00","SEN","MIBR",13,7,"Split","Americas","Americas Kickoff","VCT"
34,"2024-02-26 15:00:00","SEN","MIBR",13,6,"Ascent","Americas","Americas Kickoff","VCT"
35,"2024-02-26 17:10:00","MIBR","G2",13,9,"Sunset","Americas","Americas Kickoff","VCT"
36,"2024-02-26 17:10:00","G2","MIBR",15,13,"Split","Americas","Americas Kickoff","VCT"
37,"2024-02-26 17:10:00","MIBR","G2",13,10,"Breeze","Americas","Americas Kickoff","VCT"
38,"2024-02-26 20:55:00","SEN","G2",13,8,"Sunset","Americas","Americas Kickoff","VCT"
39,"2024-03-02 17:00:00","EG","LOUD",13,7,"Ascent","Americas","Americas Kickoff","VCT"
40,"2024-03-02 17:00:00","LOUD","EG",13,7,"Icebox","Americas","Americas Kickoff","VCT"
41,"2024-03-02 17:00:00","LOUD","EG",13,5,"Sunset","Americas","Americas Kickoff","VCT"
42,"2024-03-02 20:00:00","SEN","NRG",16,14,"Sunset","Americas","Americas Kickoff","VCT"
43,"2024-03-02 20:00:00","NRG","SEN",13,8,"Ascent","Americas","Americas Kickoff","VCT"
44,"2024-03-02 20:00:00","SEN","NRG",13,3,"Split","Americas","Americas Kickoff","VCT"
45,"2024-03-03 17:00:00","SEN","LOUD",13,9,"Sunset","Americas","Americas Kickoff","VCT"
46,"2024-03-03 17:00:00","SEN","LOUD",13,3,"Split","Americas","Americas Kickoff","VCT"
47,"2024-03-03 17:00:00","LOUD","SEN",13,11,"Icebox","Americas","Americas Kickoff","VCT"
48,"2024-03-03 17:00:00","LOUD","SEN",13,8,"Bind","Americas","Americas Kickoff","VCT"
49,"2024-03-03 17:00:00","SEN","LOUD",13,4,"Lotus","Americas","Americas Kickoff","VCT"
50,"2024-02-20 11:00:00","TH","FUT",13,11,"Lotus","EMEA","EMEA Kickoff","VCT"
51,"2024-02-20 11:00:00","TH","FUT",13,10,"Bind","EMEA","EMEA Kickoff","VCT"
52,"2024-02-20 13:25:00","KC","GX",13,11,"Split","EMEA","EMEA Kickoff","VCT"
53,"2024-02-20 13:25:00","GX","KC",13,10,"Sunset","EMEA","EMEA Kickoff","VCT"
54,"2024-02-20 13:25:00","KC","GX",13,4,"Lotus","EMEA","EMEA Kickoff","VCT"
55,"2024-02-21 08:00:00","NAVI","BBL",13,8,"Bind","EMEA","EMEA Kickoff","VCT"
56,"2024-02-21 08:00:00","BBL","NAVI",13,6,"Ascent","EMEA","EMEA Kickoff","VCT"
57,"2024-02-21 08:00:00","NAVI","BBL",13,6,"Breeze","EMEA","EMEA Kickoff","VCT"
58,"2024-02-21 11:00:00","TL","KOI",13,10,"Icebox","EMEA","EMEA Kickoff","VCT"
59,"2024-02-21 11:00:00","TL","KOI",13,11,"Bind","EMEA","EMEA Kickoff","VCT"
60,"2024-02-21 13:45:00","VIT","GM8",13,10,"Sunset","EMEA","EMEA Kickoff","VCT"
61,"2024-02-21 13:45:00","VIT","GM8",13,7,"Lotus","EMEA","EMEA Kickoff","VCT"
62,"2024-02-22 11:00:00","TH","KC",13,4,"Split","EMEA","EMEA Kickoff","VCT"
63,"2024-02-22 11:00:00","TH","KC",13,4,"Lotus","EMEA","EMEA Kickoff","VCT"
64,"2024-02-22 13:10:00","FUT","GX",13,6,"Split","EMEA","EMEA Kickoff","VCT"
65,"2024-02-22 13:10:00","GX","FUT",13,8,"Icebox","EMEA","EMEA Kickoff","VCT"
66,"2024-02-22 13:10:00","FUT","GX",13,7,"Sunset","EMEA","EMEA Kickoff","VCT"
67,"2024-02-23 08:00:00","NAVI","TL",13,7,"Split","EMEA","EMEA Kickoff","VCT"
68,"2024-02-23 08:00:00","NAVI","TL",13,7,"Breeze","EMEA","EMEA Kickoff","VCT"
69,"2024-02-23 10:10:00","KOI","BBL",13,5,"Bind","EMEA","EMEA Kickoff","VCT"
70,"2024-02-23 10:10:00","KOI","BBL",13,10,"Split","EMEA","EMEA Kickoff","VCT"
71,"2024-02-23 12:20:00","FNC","VIT",14,12,"Lotus","EMEA","EMEA Kickoff","VCT"
72,"2024-02-23 12:20:00","FNC","VIT",13,5,"Ascent","EMEA","EMEA Kickoff","VCT"
73,"2024-02-25 08:05:00","GM8","VIT",13,4,"Breeze","EMEA","EMEA Kickoff","VCT"
74,"2024-02-25 08:05:00","VIT","GM8",15,13,"Lotus","EMEA","EMEA Kickoff","VCT"
75,"2024-02-25 08:05:00","VIT","GM8",13,3,"Sunset","EMEA","EMEA Kickoff","VCT"
76,"2024-02-25 11:15:00","KC","FUT",20,18,"Lotus","EMEA","EMEA Kickoff","VCT"
77,"2024-02-25 11:15:00","FUT","KC",13,4,"Bind","EMEA","EMEA Kickoff","VCT"
78,"2024-02-25 11:15:00","KC","FUT",13,7,"Sunset","EMEA","EMEA Kickoff","VCT"
79,"2024-02-25 14:45:00","KOI","TL",13,11,"Sunset","EMEA","EMEA Kickoff","VCT"
80,"2024-02-25 14:45:00","TL","KOI",14,12,"Icebox","EMEA","EMEA Kickoff","VCT"
81,"2024-02-25 14:45:00","KOI","TL",13,11,"Split","EMEA","EMEA Kickoff","VCT"
82,"2024-02-26 08:00:00","KC","VIT",13,8,"Sunset","EMEA","EMEA Kickoff","VCT"
83,"2024-02-26 08:00:00","KC","VIT",15,13,"Ascent","EMEA","EMEA Kickoff","VCT"
84,"2024-02-26 10:45:00","VIT","KOI",13,8,"Sunset","EMEA","EMEA Kickoff","VCT"
85,"2024-02-26 10:45:00","VIT","KOI",13,6,"Breeze","EMEA","EMEA Kickoff","VCT"
86,"2024-02-26 10:45:00","KC","KOI",13,4,"Sunset","EMEA","EMEA Kickoff","VCT"
87,"2024-02-29 11:00:00","TH","NAVI",16,14,"Sunset","EMEA","EMEA Kickoff","VCT"
88,"2024-02-29 11:00:00","TH","NAVI",13,4,"Breeze","EMEA","EMEA Kickoff","VCT"
89,"2024-02-29 13:20:00","KC","FNC",13,10,"Lotus","EMEA","EMEA Kickoff","VCT"
90,"2024-02-29 13:20:00","KC","FNC",13,8,"Split","EMEA","EMEA Kickoff","VCT"
91,"2024-03-01 11:00:00","TH","KC",13,9,"Sunset","EMEA","EMEA Kickoff","VCT"
92,"2024-03-01 11:00:00","KC","TH",13,7,"Lotus","EMEA","EMEA Kickoff","VCT"
93,"2024-03-01 11:00:00","KC","TH",13,7,"Icebox","EMEA","EMEA Kickoff","VCT"
94,"2024-03-01 11:00:00","KC","TH",13,5,"Split","EMEA","EMEA Kickoff","VCT"
95,"2024-02-17 01:00:00","T1","BLD",18,16,"Breeze","Pacific","Pacific Kickoff","VCT"
96,"2024-02-17 01:00:00","T1","BLD",13,6,"Lotus","Pacific","Pacific Kickoff","VCT"
97,"2024-02-17 08:45:00","GENG","RRQ",13,11,"Icebox","Pacific","Pacific Kickoff","VCT"
98,"2024-02-17 08:45:00","RRQ","GENG",13,11,"Split","Pacific","Pacific Kickoff","VCT"
99,"2024-02-17 08:45:00","GENG","RRQ",13,8,"Sunset","Pacific","Pacific Kickoff","VCT"
100,"2024-02-18 01:00:00","ZETA","GE",13,10,"Bind","Pacific","Pacific Kickoff","VCT"
101,"2024-02-18 01:00:00","ZETA","GE",13,7,"Icebox","Pacific","Pacific Kickoff","VCT"
102,"2024-02-18 03:30:00","TLN","TS",13,8,"Breeze","Pacific","Pacific Kickoff","VCT"
103,"2024-02-18 03:30:00","TLN","TS",13,3,"Ascent","Pacific","Pacific Kickoff","VCT"
104,"2024-02-18 05:30:00","DRX","DFM",13,8,"Lotus","Pacific","Pacific Kickoff","VCT"
105,"2024-02-18 05:30:00","DRX","DFM",13,8,"Breeze","Pacific","Pacific Kickoff","VCT"
106,"2024-02-19 01:00:00","GENG","PRX",13,10,"Breeze","Pacific","Pacific Kickoff","VCT"
107,"2024-02-19 01:00:00","PRX","GENG",13,10,"Lotus","Pacific","Pacific Kickoff","VCT"
108,"2024-02-19 01:00:00","PRX","GENG",13,7,"Sunset","Pacific","Pacific Kickoff","VCT"
109,"2024-02-19 04:15:00","GE","BLD",13,9,"Sunset","Pacific","Pacific Kickoff","VCT"
110,"2024-02-19 04:15:00","BLD","GE",13,10,"Icebox","Pacific","Pacific Kickoff","VCT"
111,"2024-02-19 04:15:00","GE","BLD",13,11,"Split","Pacific","Pacific Kickoff","VCT"
112,"2024-02-19 08:00:00","ZETA","T1",13,11,"Ascent","Pacific","Pacific Kickoff","VCT"
113,"2024-02-19 08:00:00","T1","ZETA",13,4,"Lotus","Pacific","Pacific Kickoff","VCT"
114,"2024-02-19 08:00:00","T1","ZETA",13,7,"Sunset","Pacific","Pacific Kickoff","VCT"
115,"2024-02-20 03:00:00","TS","DFM",13,7,"Lotus","Pacific","Pacific Kickoff","VCT"
116,"2024-02-20 03:00:00","TS","DFM",13,11,"Breeze","Pacific","Pacific Kickoff","VCT"
117,"2024-02-20 05:20:00","DRX","TLN",13,10,"Split","Pacific","Pacific Kickoff","VCT"
118,"2024-02-20 05:20:00","DRX","TLN",13,8,"Ascent","Pacific","Pacific Kickoff","VCT"
119,"2024-02-21 01:00:00","GENG","RRQ",13,7,"Lotus","Pacific","Pacific Kickoff","VCT"
120,"2024-02-21 01:00:00","RRQ","GENG",13,10,"Breeze","Pacific","Pacific Kickoff","VCT"
121,"2024-02-21 01:00:00","GENG","RRQ",13,11,"Icebox","Pacific","Pacific Kickoff","VCT"
122,"2024-02-21 04:30:00","TS","TLN",13,8,"Breeze","Pacific","Pacific Kickoff","VCT"
123,"2024-02-21 04:30:00","TS","TLN",13,7,"Ascent","Pacific","Pacific Kickoff","VCT"
124,"2024-02-21 07:15:00","ZETA","GE",13,8,"Bind","Pacific","Pacific Kickoff","VCT"
125,"2024-02-21 07:15:00","ZETA","GE",13,3,"Lotus","Pacific","Pacific Kickoff","VCT"
126,"2024-02-22 01:00:00","TS","GENG",13,5,"Breeze","Pacific","Pacific Kickoff","VCT"
127,"2024-02-22 01:00:00","GENG","TS",13,9,"Lotus","Pacific","Pacific Kickoff","VCT"
128,"2024-02-22 01:00:00","GENG","TS",15,13,"Icebox","Pacific","Pacific Kickoff","VCT"
129,"2024-02-22 04:20:00","TS","ZETA",13,1,"Icebox","Pacific","Pacific Kickoff","VCT"
130,"2024-02-22 04:20:00","TS","ZETA",13,8,"Ascent","Pacific","Pacific Kickoff","VCT"
131,"2024-02-24 03:00:00","PRX","T1",16,14,"Split","Pacific","Pacific Kickoff","VCT"
132,"2024-02-24 03:00:00","PRX","T1",13,6,"Ascent","Pacific","Pacific Kickoff","VCT"
133,"2024-02-24 05:25:00","GENG","DRX",14,12,"Bind","Pacific","Pacific Kickoff","VCT"
134,"2024-02-24 05:25:00","GENG","DRX",13,8,"Lotus","Pacific","Pacific Kickoff","VCT"
135,"2024-02-25 01:00:00","GENG","PRX",13,5,"Ascent","Pacific","Pacific Kickoff","VCT"
136,"2024-02-25 01:00:00","PRX","GENG",13,4,"Split","Pacific","Pacific Kickoff","VCT"
137,"2024-02-25 01:00:00","GENG","PRX",13,11,"Lotus","Pacific","Pacific Kickoff","VCT"
138,"2024-02-25 01:00:00","GENG","PRX",13,4,"Bind","Pacific","Pacific Kickoff","VCT"
139,"2024-02-22 04:00:00","TRC","TYL",13,4,"Ascent","China","China Kickoff","VCT"
140,"2024-02-22 04:00:00","TRC","TYL",13,3,"Sunset","China","China Kickoff","VCT"
141,"2024-02-22 06:05:00","FPX","NOVA",13,10,"Sunset","China","China Kickoff","VCT"
142,"2024-02-22 06:05:00","FPX","NOVA",13,5,"Lotus","China","China Kickoff","VCT"
143,"2024-02-23 02:00:00","TEC","JDG",13,8,"Lotus","China","China Kickoff","VCT"
144,"2024-02-23 02:00:00","TEC","JDG",16,14,"Bind","China","China Kickoff","VCT"
145,"2024-02-23 04:55:00","DRG","AG",13,11,"Sunset","China","China Kickoff","VCT"
146,"2024-02-23 04:55:00","DRG","AG",13,4,"Ascent","China","China Kickoff","VCT"
147,"2024-02-23 07:05:00","WOL","BILI",13,9,"Ascent","China","China Kickoff","VCT"
148,"2024-02-23 07:05:00","WOL","BILI",13,7,"Icebox","China","China Kickoff","VCT"
149,"2024-02-24 04:00:00","NOVA","TYL",13,11,"Ascent","China","China Kickoff","VCT"
150,"2024-02-24 04:00:00","NOVA","TYL",13,11,"Split","China","China Kickoff","VCT"
151,"2024-02-24 06:25:00","JDG","AG",13,11,"Icebox","China","China Kickoff","VCT"
152,"2024-02-24 06:25:00","JDG","AG",13,8,"Sunset","China","China Kickoff","VCT"
153,"2024-02-25 02:00:00","FPX","TRC",13,11,"Sunset","China","China Kickoff","VCT"
154,"2024-02-25 02:00:00","TRC","FPX",13,11,"Bind","China","China Kickoff","VCT"
155,"2024-02-25 02:00:00","FPX","TRC",13,10,"Lotus","China","China Kickoff","VCT"
156,"2024-02-25 05:30:00","DRG","TEC",13,11,"Icebox","China","China Kickoff","VCT"
157,"2024-02-25 05:30:00","TEC","DRG",13,8,"Split","China","China Kickoff","VCT"
158,"2024-02-25 05:30:00","DRG","TEC",13,10,"Bind","China","China Kickoff","VCT"
159,"2024-02-25 09:00:00","EDG","WOL",13,10,"Bind","China","China Kickoff","VCT"
160,"2024-02-25 09:00:00","WOL","EDG",13,10,"Ascent","China","China Kickoff","VCT"
161,"2024-02-25 09:00:00","EDG","WOL",13,11,"Breeze","China","China Kickoff","VCT"
162,"2024-02-26 02:00:00","TRC","NOVA",13,5,"Split","China","China Kickoff","VCT"
163,"2024-02-26 02:00:00","TRC","NOVA",13,4,"Lotus","China","China Kickoff","VCT"
164,"2024-02-26 04:05:00","JDG","TEC",13,5,"Bind","China","China Kickoff","VCT"
165,"2024-02-26 04:05:00","TEC","JDG",14,12,"Icebox","China","China Kickoff","VCT"
166,"2024-02-26 04:05:00","TEC","JDG",13,10,"Lotus","China","China Kickoff","VCT"
167,"2024-02-26 07:40:00","BILI","WOL",13,9,"Sunset","China","China Kickoff","VCT"
168,"2024-02-26 07:40:00","BILI","WOL",13,9,"Icebox","China","China Kickoff","VCT"
169,"2024-02-27 02:00:00","TEC","TRC",18,16,"Breeze","China","China Kickoff","VCT"
170,"2024-02-27 02:00:00","TRC","TEC",13,6,"Lotus","China","China Kickoff","VCT"
171,"2024-02-27 02:00:00","TRC","TEC",13,8,"Split","China","China Kickoff","VCT"
172,"2024-02-27 05:35:00","BILI","TEC",13,3,"Lotus","China","China Kickoff","VCT"
173,"2024-02-27 05:35:00","BILI","TEC",13,8,"Ascent","China","China Kickoff","VCT"
174,"2024-02-27 07:35:00","BILI","TRC",13,11,"Lotus","China","China Kickoff","VCT"
175,"2024-02-27 07:35:00","TRC","BILI",15,13,"Sunset","China","China Kickoff","VCT"
176,"2024-02-27 07:35:00","TRC","BILI",14,12,"Bind","China","China Kickoff","VCT"
177,"2024-03-01 04:00:00","FPX","DRG",13,10,"Ascent","China","China Kickoff","VCT"
178,"2024-03-01 04:00:00","FPX","DRG",13,6,"Breeze","China","China Kickoff","VCT"
179,"2024-03-01 06:15:00","EDG","TRC",14,12,"Sunset","China","China Kickoff","VCT"
180,"2024-03-01 06:15:00","EDG","TRC",13,6,"Bind","China","China Kickoff","VCT"
181,"2024-03-02 04:00:00","EDG","FPX",14,12,"Breeze","China","China Kickoff","VCT"
182,"2024-03-02 04:00:00","EDG","FPX",13,6,"Split","China","China Kickoff","VCT"
183,"2024-03-02 04:00:00","FPX","EDG",13,8,"Icebox","China","China Kickoff","VCT"
184,"2024-03-02 04:00:00","EDG","FPX",16,14,"Ascent","China","China Kickoff","VCT"
185,"2024-03-14 11:00:00","KC","FPX",13,8,"Icebox","International","Masters Madrid","VCT"
186,"2024-03-14 11:00:00","KC","FPX",13,10,"Lotus","International","Masters Madrid","VCT"
187,"2024-03-14 13:25:00","GENG","LOUD",13,11,"Icebox","International","Masters Madrid","VCT"
188,"2024-03-14 13:25:00","LOUD","GENG",13,8,"Breeze","International","Masters Madrid","VCT"
189,"2024-03-14 13:25:00","GENG","LOUD",13,5,"Ascent","International","Masters Madrid","VCT"
190,"2024-03-15 11:00:00","PRX","EDG",13,8,"Sunset","International","Masters Madrid","VCT"
191,"2024-03-15 11:00:00","EDG","PRX",13,9,"Bind","International","Masters Madrid","VCT"
192,"2024-03-15 11:00:00","PRX","EDG",13,9,"Split","International","Masters Madrid","VCT"
193,"2024-03-15 14:25:00","SEN","TH",13,9,"Lotus","International","Masters Madrid","VCT"
194,"2024-03-15 14:25:00","TH","SEN",13,5,"Sunset","International","Masters Madrid","VCT"
195,"2024-03-15 14:25:00","SEN","TH",13,11,"Bind","International","Masters Madrid","VCT"
196,"2024-03-16 11:00:00","SEN","KC",13,8,"Split","International","Masters Madrid","VCT"
197,"2024-03-16 11:00:00","SEN","KC",13,11,"Lotus","International","Masters Madrid","VCT"
198,"2024-03-16 13:25:00","EDG","GENG",13,8,"Icebox","International","Masters Madrid","VCT"
199,"2024-03-16 13:25:00","GENG","EDG",13,5,"Split","International","Masters Madrid","VCT"
200,"2024-03-16 13:25:00","GENG","EDG",13,6,"Breeze","International","Masters Madrid","VCT"
201,"2024-03-17 11:00:00","LOUD","FPX",13,5,"Sunset","International","Masters Madrid","VCT"
202,"2024-03-17 11:00:00","LOUD","FPX",13,11,"Breeze","International","Masters Madrid","VCT"
203,"2024-03-17 13:20:00","PRX","TH",13,10,"Sunset","International","Masters Madrid","VCT"
204,"2024-03-17 13:20:00","TH","PRX",13,10,"Lotus","International","Masters Madrid","VCT"
205,"2024-03-17 13:20:00","PRX","TH",13,7,"Split","International","Masters Madrid","VCT"
206,"2024-03-18 11:00:00","LOUD","EDG",13,2,"Icebox","International","Masters Madrid","VCT"
207,"2024-03-18 11:00:00","LOUD","EDG",13,3,"Sunset","International","Masters Madrid","VCT"
208,"2024-03-18 12:55:00","PRX","KC",13,10,"Bind","International","Masters Madrid","VCT"
209,"2024-03-18 12:55:00","KC","PRX",13,6,"Lotus","International","Masters Madrid","VCT"
210,"2024-03-18 12:55:00","PRX","KC",14,12,"Ascent","International","Masters Madrid","VCT"
211,"2024-03-21 11:00:00","GENG","PRX",13,8,"Split","International","Masters Madrid","VCT"
212,"2024-03-21 11:00:00","GENG","PRX",13,9,"Lotus","International","Masters Madrid","VCT"
213,"2024-03-21 13:10:00","SEN","LOUD",13,4,"Split","International","Masters Madrid","VCT"
214,"2024-03-21 13:10:00","LOUD","SEN",14,12,"Icebox","International","Masters Madrid","VCT"
215,"2024-03-21 13:10:00","SEN","LOUD",14,12,"Sunset","International","Masters Madrid","VCT"
216,"2024-03-22 11:00:00","GENG","SEN",13,5,"Split","International","Masters Madrid","VCT"
217,"2024-03-22 11:00:00","SEN","GENG",13,7,"Lotus","International","Masters Madrid","VCT"
218,"2024-03-22 11:00:00","GENG","SEN",13,3,"Breeze","International","Masters Madrid","VCT"
219,"2024-03-22 13:55:00","PRX","LOUD",13,11,"Ascent","International","Masters Madrid","VCT"
220,"2024-03-22 13:55:00","PRX","LOUD",13,8,"Sunset","International","Masters Madrid","VCT"
221,"2024-03-23 11:00:00","SEN","PRX",14,12,"Lotus","International","Masters Madrid","VCT"
222,"2024-03-23 11:00:00","SEN","PRX",13,6,"Ascent","International","Masters Madrid","VCT"
223,"2024-03-23 11:00:00","PRX","SEN",13,5,"Split","International","Masters Madrid","VCT"
224,"2024-03-23 11:00:00","SEN","PRX",13,3,"Sunset","International","Masters Madrid","VCT"
225,"2024-03-24 12:15:00","GENG","SEN",13,8,"Breeze","International","Masters Madrid","VCT"
226,"2024-03-24 12:15:00","SEN","GENG",14,12,"Bind","International","Masters Madrid","VCT"
227,"2024-03-24 12:15:00","GENG","SEN",13,8,"Ascent","International","Masters Madrid","VCT"
228,"2024-03-24 12:15:00","SEN","GENG",13,10,"Split","International","Masters Madrid","VCT"
229,"2024-03-24 12:15:00","SEN","GENG",13,6,"Icebox","International","Masters Madrid","VCT"
230,"2024-04-06 14:00:00","LEV","C9",13,7,"Icebox","Americas","Americas Stage 1","VCT"
231,"2024-04-06 14:00:00","C9","LEV",13,7,"Sunset","Americas","Americas Stage 1","VCT"
232,"2024-04-06 14:00:00","C9","LEV",18,16,"Ascent","Americas","Americas Stage 1","VCT"
233,"2024-04-06 18:00:00","NRG","LOUD",13,10,"Breeze","Americas","Americas Stage 1","VCT"
234,"2024-04-06 18:00:00","NRG","LOUD",13,2,"Sunset","Americas","Americas Stage 1","VCT"
235,"2024-04-07 14:00:00","G2","EG",13,8,"Lotus","Americas","Americas Stage 1","VCT"
236,"2024-04-07 14:00:00","G2","EG",13,3,"Icebox","Americas","Americas Stage 1","VCT"
237,"2024-04-07 16:10:00","SEN","100T",13,10,"Icebox","Americas","Americas Stage 1","VCT"
238,"2024-04-07 16:10:00","SEN","100T",13,6,"Split","Americas","Americas Stage 1","VCT"
239,"2024-04-08 14:00:00","KRU","FUR",13,7,"Lotus","Americas","Americas Stage 1","VCT"
240,"2024-04-08 14:00:00","FUR","KRU",13,11,"Icebox","Americas","Americas Stage 1","VCT"
241,"2024-04-08 14:00:00","KRU","FUR",13,7,"Breeze","Americas","Americas Stage 1","VCT"
242,"2024-04-13 14:00:00","100T","G2",13,9,"Bind","Americas","Americas Stage 1","VCT"
243,"2024-04-13 14:00:00","100T","G2",13,8,"Split","Americas","Americas Stage 1","VCT"
244,"2024-04-13 16:25:00","LEV","SEN",19,17,"Lotus","Americas","Americas Stage 1","VCT"
245,"2024-04-13 16:25:00","LEV","SEN",13,11,"Icebox","Americas","Americas Stage 1","VCT"
246,"2024-04-14 14:00:00","KRU","MIBR",13,6,"Icebox","Americas","Americas Stage 1","VCT"
247,"2024-04-14 14:00:00","KRU","MIBR",13,8,"Sunset","Americas","Americas Stage 1","VCT"
248,"2024-04-14 16:20:00","NRG","FUR",13,2,"Split","Americas","Americas Stage 1","VCT"
249,"2024-04-14 16:20:00","NRG","FUR",13,8,"Breeze","Americas","Americas Stage 1","VCT"
250,"2024-04-15 14:00:00","EG","C9",13,9,"Lotus","Americas","Americas Stage 1","VCT"
251,"2024-04-15 14:00:00","C9","EG",13,8,"Sunset","Americas","Americas Stage 1","VCT"
252,"2024-04-15 14:00:00","C9","EG",13,4,"Split","Americas","Americas Stage 1","VCT"
253,"2024-04-20 14:00:00","SEN","MIBR",13,3,"Lotus","Americas","Americas Stage 1","VCT"
254,"2024-04-20 14:00:00","SEN","MIBR",13,7,"Bind","Americas","Americas Stage 1","VCT"
255,"2024-04-20 16:30:00","LOUD","C9",13,11,"Bind","Americas","Americas Stage 1","VCT"
256,"2024-04-20 16:30:00","C9","LOUD",13,4,"Icebox","Americas","Americas Stage 1","VCT"
257,"2024-04-21 14:00:00","KRU","EG",13,5,"Lotus","Americas","Americas Stage 1","VCT"
258,"2024-04-21 14:00:00","KRU","EG",13,9,"Breeze","Americas","Americas Stage 1","VCT"
259,"2024-04-21 16:15:00","LEV","NRG",13,4,"Sunset","Americas","Americas Stage 1","VCT"
260,"2024-04-21 16:15:00","LEV","NRG",13,4,"Bind","Americas","Americas Stage 1","VCT"
261,"2024-04-22 14:00:00","G2","FUR",13,3,"Lotus","Americas","Americas Stage 1","VCT"
262,"2024-04-22 14:00:00","G2","FUR",13,3,"Icebox","Americas","Americas Stage 1","VCT"
263,"2024-04-22 16:00:00","100T","C9",13,7,"Bind","Americas","Americas Stage 1","VCT"
264,"2024-04-22 16:00:00","100T","C9",13,6,"Ascent","Americas","Americas Stage 1","VCT"
265,"2024-04-23 14:00:00","SEN","EG",13,10,"Lotus","Americas","Americas Stage 1","VCT"
266,"2024-04-23 14:00:00","EG","SEN",13,11,"Bind","Americas","Americas Stage 1","VCT"
267,"2024-04-23 14:00:00","EG","SEN",13,10,"Sunset","Americas","Americas Stage 1","VCT"
268,"2024-04-23 17:30:00","NRG","MIBR",13,9,"Split","Americas","Americas Stage 1","VCT"
269,"2024-04-23 17:30:00","NRG","MIBR",13,3,"Breeze","Americas","Americas Stage 1","VCT"
270,"2024-04-24 14:00:00","LEV","G2",13,6,"Breeze","Americas","Americas Stage 1","VCT"
271,"2024-04-24 14:00:00","G2","LEV",13,8,"Icebox","Americas","Americas Stage 1","VCT"
272,"2024-04-24 14:00:00","LEV","G2",13,9,"Lotus","Americas","Americas Stage 1","VCT"
273,"2024-04-24 17:15:00","KRU","LOUD",13,8,"Split","Americas","Americas Stage 1","VCT"
274,"2024-04-24 17:15:00","KRU","LOUD",13,8,"Ascent","Americas","Americas Stage 1","VCT"
275,"2024-04-27 14:00:00","G2","MIBR",13,9,"Icebox","Americas","Americas Stage 1","VCT"
276,"2024-04-27 16:05:00","LOUD","SEN",13,7,"Lotus","Americas","Americas Stage 1","VCT"
277,"2024-04-27 16:05:00","LOUD","SEN",13,8,"Icebox","Americas","Americas Stage 1","VCT"
278,"2024-04-28 14:00:00","FUR","C9",13,2,"Ascent","Americas","Americas Stage 1","VCT"
279,"2024-04-28 14:00:00","C9","FUR",13,3,"Lotus","Americas","Americas Stage 1","VCT"
280,"2024-04-28 14:00:00","C9","FUR",13,8,"Bind","Americas","Americas Stage 1","VCT"
281,"2024-04-28 16:55:00","EG","NRG",13,6,"Ascent","Americas","Americas Stage 1","VCT"
282,"2024-04-28 16:55:00","NRG","EG",16,14,"Lotus","Americas","Americas Stage 1","VCT"
283,"2024-04-28 16:55:00","EG","NRG",13,11,"Sunset","Americas","Americas Stage 1","VCT"
284,"2024-04-29 14:00:00","KRU","100T",13,7,"Sunset","Americas","Americas Stage 1","VCT"
285,"2024-04-29 14:00:00","100T","KRU",13,11,"Breeze","Americas","Americas Stage 1","VCT"
286,"2024-04-29 14:00:00","KRU","100T",13,8,"Split","Americas","Americas Stage 1","VCT"
287,"2024-05-03 14:00:00","SEN","FUR",13,5,"Split","Americas","Americas Stage 1","VCT"
288,"2024-05-03 14:00:00","SEN","FUR",13,9,"Icebox","Americas","Americas Stage 1","VCT"
289,"2024-05-04 14:00:00","100T","NRG",13,8,"Split","Americas","Americas Stage 1","VCT"
290,"2024-05-04 14:00:00","100T","NRG",13,7,"Bind","Americas","Americas Stage 1","VCT"
291,"2024-05-04 16:25:00","LEV","KRU",13,4,"Ascent","Americas","Americas Stage 1","VCT"
292,"2024-05-04 16:25:00","KRU","LEV",14,12,"Breeze","Americas","Americas Stage 1","VCT"
293,"2024-05-04 16:25:00","LEV","KRU",13,10,"Lotus","Americas","Americas Stage 1","VCT"
294,"2024-05-05 14:00:00","C9","MIBR",14,12,"Icebox","Americas","Americas Stage 1","VCT"
295,"2024-05-05 14:00:00","C9","MIBR",13,9,"Sunset","Americas","Americas Stage 1","VCT"
296,"2024-05-05 16:25:00","LOUD","G2",13,11,"Bind","Americas","Americas Stage 1","VCT"
297,"2024-05-05 16:25:00","LOUD","G2",13,4,"Icebox","Americas","Americas Stage 1","VCT"
298,"2024-05-08 14:00:00","G2","C9",13,6,"Lotus","Americas","Americas Stage 1","VCT"
299,"2024-05-08 14:00:00","G2","C9",15,13,"Ascent","Americas","Americas Stage 1","VCT"
300,"2024-05-08 16:25:00","100T","LOUD",13,6,"Bind","Americas","Americas Stage 1","VCT"
301,"2024-05-08 16:25:00","100T","LOUD",13,4,"Icebox","Americas","Americas Stage 1","VCT"
302,"2024-05-09 14:00:00","G2","KRU",13,5,"Icebox","Americas","Americas Stage 1","VCT"
303,"2024-05-09 14:00:00","G2","KRU",13,8,"Ascent","Americas","Americas Stage 1","VCT"
304,"2024-05-09 16:05:00","100T","LEV",13,3,"Bind","Americas","Americas Stage 1","VCT"
305,"2024-05-09 16:05:00","LEV","100T",14,12,"Sunset","Americas","Americas Stage 1","VCT"
306,"2024-05-09 16:05:00","100T","LEV",13,10,"Icebox","Americas","Americas Stage 1","VCT"
307,"2024-05-10 14:00:00","100T","G2",13,5,"Ascent","Americas","Americas Stage 1","VCT"
308,"2024-05-10 14:00:00","G2","100T",13,8,"Bind","Americas","Americas Stage 1","VCT"
309,"2024-05-10 14:00:00","100T","G2",13,11,"Split","Americas","Americas Stage 1","VCT"
310,"2024-05-10 17:00:00","KRU","LEV",13,6,"Lotus","Americas","Americas Stage 1","VCT"
311,"2024-05-10 17:00:00","LEV","KRU",13,11,"Icebox","Americas","Americas Stage 1","VCT"
312,"2024-05-10 17:00:00","LEV","KRU",13,8,"Sunset","Americas","Americas Stage 1","VCT"
313,"2024-05-11 14:00:00","LEV","G2",14,12,"Bind","Americas","Americas Stage 1","VCT"
314,"2024-05-11 14:00:00","G2","LEV",13,7,"Breeze","Americas","Americas Stage 1","VCT"
315,"2024-05-11 14:00:00","LEV","G2",14,12,"Icebox","Americas","Americas Stage 1","VCT"
316,"2024-05-11 14:00:00","G2","LEV",13,10,"Lotus","Americas","Americas Stage 1","VCT"
317,"2024-05-11 14:00:00","G2","LEV",13,11,"Ascent","Americas","Americas Stage 1","VCT"
318,"2024-05-12 14:00:00","100T","G2",13,9,"Bind","Americas","Americas Stage 1","VCT"
319,"2024-05-12 14:00:00","100T","G2",13,7,"Breeze","Americas","Americas Stage 1","VCT"
320,"2024-05-12 14:00:00","100T","G2",13,8,"Sunset","Americas","Americas Stage 1","VCT"
321,"2024-04-03 08:00:00","KC","GX",13,4,"Breeze","EMEA","EMEA Stage 1","VCT"
322,"2024-04-03 08:00:00","KC","GX",13,9,"Sunset","EMEA","EMEA Stage 1","VCT"
323,"2024-04-03 10:05:00","TL","KOI",13,9,"Split","EMEA","EMEA Stage 1","VCT"
324,"2024-04-03 10:05:00","TL","KOI",13,7,"Ascent","EMEA","EMEA Stage 1","VCT"
325,"2024-04-04 08:00:00","NAVI","VIT",13,9,"Bind","EMEA","EMEA Stage 1","VCT"
326,"2024-04-04 08:00:00","NAVI","VIT",13,4,"Lotus","EMEA","EMEA Stage 1","VCT"
327,"2024-04-04 10:10:00","TH","FNC",13,4,"Icebox","EMEA","EMEA Stage 1","VCT"
328,"2024-04-04 10:10:00","TH","FNC",17,15,"Lotus","EMEA","EMEA Stage 1","VCT"
329,"2024-04-05 08:00:00","FUT","TL",13,5,"Split","EMEA","EMEA Stage 1","VCT"
330,"2024-04-05 08:00:00","FUT","TL",13,8,"Icebox","EMEA","EMEA Stage 1","VCT"
331,"2024-04-05 10:00:00","GM8","BBL",13,7,"Ascent","EMEA","EMEA Stage 1","VCT"
332,"2024-04-05 10:00:00","GM8","BBL",13,11,"Sunset","EMEA","EMEA Stage 1","VCT"
333,"2024-04-10 08:00:00","KC","FUT",13,11,"Bind","EMEA","EMEA Stage 1","VCT"
334,"2024-04-10 08:00:00","FUT","KC",13,8,"Lotus","EMEA","EMEA Stage 1","VCT"
335,"2024-04-10 08:00:00","FUT","KC",13,7,"Breeze","EMEA","EMEA Stage 1","VCT"
336,"2024-04-10 11:10:00","VIT","TH",13,9,"Breeze","EMEA","EMEA Stage 1","VCT"
337,"2024-04-10 11:10:00","TH","VIT",13,11,"Sunset","EMEA","EMEA Stage 1","VCT"
338,"2024-04-10 11:10:00","VIT","TH",13,9,"Icebox","EMEA","EMEA Stage 1","VCT"
339,"2024-04-11 08:00:00","TL","NAVI",13,10,"Lotus","EMEA","EMEA Stage 1","VCT"
340,"2024-04-11 08:00:00","NAVI","TL",13,11,"Split","EMEA","EMEA Stage 1","VCT"
341,"2024-04-11 08:00:00","NAVI","TL",13,5,"Ascent","EMEA","EMEA Stage 1","VCT"
342,"2024-04-11 11:20:00","BBL","KOI",13,4,"Breeze","EMEA","EMEA Stage 1","VCT"
343,"2024-04-11 11:20:00","BBL","KOI",13,3,"Icebox","EMEA","EMEA Stage 1","VCT"
344,"2024-04-12 08:00:00","FNC","GX",13,5,"Bind","EMEA","EMEA Stage 1","VCT"
345,"2024-04-12 08:00:00","GX","FNC",13,5,"Breeze","EMEA","EMEA Stage 1","VCT"
346,"2024-04-12 08:00:00","FNC","GX",13,7,"Split","EMEA","EMEA Stage 1","VCT"
347,"2024-04-12 10:45:00","KC","GM8",13,6,"Split","EMEA","EMEA Stage 1","VCT"
348,"2024-04-12 10:45:00","KC","GM8",13,6,"Icebox","EMEA","EMEA Stage 1","VCT"
349,"2024-04-17 08:00:00","FNC","GM8",13,6,"Breeze","EMEA","EMEA Stage 1","VCT"
350,"2024-04-17 08:00:00","FNC","GM8",13,4,"Lotus","EMEA","EMEA Stage 1","VCT"
351,"2024-04-17 10:00:00","KC","NAVI",13,7,"Bind","EMEA","EMEA Stage 1","VCT"
352,"2024-04-17 10:00:00","NAVI","KC",13,7,"Sunset","EMEA","EMEA Stage 1","VCT"
353,"2024-04-17 10:00:00","NAVI","KC",13,6,"Split","EMEA","EMEA Stage 1","VCT"
354,"2024-04-18 08:00:00","BBL","TH",13,7,"Split","EMEA","EMEA Stage 1","VCT"
355,"2024-04-18 08:00:00","BBL","TH",13,10,"Ascent","EMEA","EMEA Stage 1","VCT"
356,"2024-04-18 10:15:00","FUT","VIT",13,7,"Ascent","EMEA","EMEA Stage 1","VCT"
357,"2024-04-18 10:15:00","VIT","FUT",13,9,"Icebox","EMEA","EMEA Stage 1","VCT"
358,"2024-04-18 10:15:00","VIT","FUT",13,9,"Sunset","EMEA","EMEA Stage 1","VCT"
359,"2024-04-19 08:00:00","GX","TL",16,14,"Lotus","EMEA","EMEA Stage 1","VCT"
360,"2024-04-19 08:00:00","TL","GX",13,7,"Icebox","EMEA","EMEA Stage 1","VCT"
361,"2024-04-19 08:00:00","TL","GX",13,11,"Ascent","EMEA","EMEA Stage 1","VCT"
362,"2024-04-19 11:55:00","FNC","KOI",13,11,"Bind","EMEA","EMEA Stage 1","VCT"
363,"2024-04-19 11:55:00","FNC","KOI",13,4,"Icebox","EMEA","EMEA Stage 1","VCT"
364,"2024-04-24 08:00:00","TH","TL",13,2,"Sunset","EMEA","EMEA Stage 1","VCT"
365,"2024-04-24 08:00:00","TH","TL",13,7,"Bind","EMEA","EMEA Stage 1","VCT"
366,"2024-04-24 10:00:00","GM8","VIT",13,5,"Icebox","EMEA","EMEA Stage 1","VCT"
367,"2024-04-24 10:00:00","GM8","VIT",13,5,"Sunset","EMEA","EMEA Stage 1","VCT"
368,"2024-04-25 08:00:00","FUT","FNC",13,7,"Split","EMEA","EMEA Stage 1","VCT"
369,"2024-04-25 08:00:00","FUT","FNC",15,13,"Lotus","EMEA","EMEA Stage 1","VCT"
370,"2024-04-25 10:30:00","NAVI","BBL",13,8,"Ascent","EMEA","EMEA Stage 1","VCT"
371,"2024-04-25 10:30:00","BBL","NAVI",13,8,"Sunset","EMEA","EMEA Stage 1","VCT"
372,"2024-04-25 10:30:00","BBL","NAVI",13,9,"Split","EMEA","EMEA Stage 1","VCT"
373,"2024-04-26 08:00:00","GX","VIT",16,14,"Lotus","EMEA","EMEA Stage 1","VCT"
374,"2024-04-26 08:00:00","VIT","GX",13,7,"Breeze","EMEA","EMEA Stage 1","VCT"
375,"2024-04-26 08:00:00","VIT","GX",13,6,"Sunset","EMEA","EMEA Stage 1","VCT"
376,"2024-04-26 11:10:00","KC","KOI",13,7,"Sunset","EMEA","EMEA Stage 1","VCT"
377,"2024-04-26 11:10:00","KOI","KC",13,7,"Icebox","EMEA","EMEA Stage 1","VCT"
378,"2024-04-26 11:10:00","KC","KOI",15,13,"Bind","EMEA","EMEA Stage 1","VCT"
379,"2024-05-01 08:00:00","GX","BBL",13,6,"Bind","EMEA","EMEA Stage 1","VCT"
380,"2024-05-01 08:00:00","GX","BBL",13,11,"Sunset","EMEA","EMEA Stage 1","VCT"
381,"2024-05-01 10:00:00","TH","KC",14,12,"Icebox","EMEA","EMEA Stage 1","VCT"
382,"2024-05-01 10:00:00","KC","TH",13,5,"Lotus","EMEA","EMEA Stage 1","VCT"
383,"2024-05-01 10:00:00","TH","KC",13,9,"Bind","EMEA","EMEA Stage 1","VCT"
384,"2024-05-02 08:00:00","KOI","VIT",13,5,"Split","EMEA","EMEA Stage 1","VCT"
385,"2024-05-02 08:00:00","VIT","KOI",13,7,"Breeze","EMEA","EMEA Stage 1","VCT"
386,"2024-05-02 08:00:00","KOI","VIT",13,4,"Icebox","EMEA","EMEA Stage 1","VCT"
387,"2024-05-02 10:55:00","FNC","NAVI",13,6,"Breeze","EMEA","EMEA Stage 1","VCT"
388,"2024-05-02 10:55:00","NAVI","FNC",13,8,"Ascent","EMEA","EMEA Stage 1","VCT"
389,"2024-05-02 10:55:00","NAVI","FNC",13,3,"Bind","EMEA","EMEA Stage 1","VCT"
390,"2024-05-03 08:00:00","TL","GM8",13,4,"Lotus","EMEA","EMEA Stage 1","VCT"
391,"2024-05-03 08:00:00","TL","GM8",13,2,"Icebox","EMEA","EMEA Stage 1","VCT"
392,"2024-05-03 09:50:00","FUT","BBL",13,9,"Bind","EMEA","EMEA Stage 1","VCT"
393,"2024-05-03 09:50:00","FUT","BBL",13,6,"Icebox","EMEA","EMEA Stage 1","VCT"
394,"2024-05-08 08:00:00","FNC","TL",13,11,"Bind","EMEA","EMEA Stage 1","VCT"
395,"2024-05-08 08:00:00","TL","FNC",14,12,"Icebox","EMEA","EMEA Stage 1","VCT"
396,"2024-05-08 08:00:00","FNC","TL",13,5,"Lotus","EMEA","EMEA Stage 1","VCT"
397,"2024-05-08 11:20:00","TH","NAVI",13,11,"Lotus","EMEA","EMEA Stage 1","VCT"
398,"2024-05-08 11:20:00","TH","NAVI",13,9,"Split","EMEA","EMEA Stage 1","VCT"
399,"2024-05-09 08:00:00","FNC","KC",13,11,"Breeze","EMEA","EMEA Stage 1","VCT"
400,"2024-05-09 08:00:00","FNC","KC",13,9,"Bind","EMEA","EMEA Stage 1","VCT"
401,"2024-05-09 10:30:00","TH","FUT",13,10,"Lotus","EMEA","EMEA Stage 1","VCT"
402,"2024-05-09 10:30:00","TH","FUT",15,13,"Split","EMEA","EMEA Stage 1","VCT"
403,"2024-05-10 08:00:00","TH","FNC",15,13,"Lotus","EMEA","EMEA Stage 1","VCT"
404,"2024-05-10 08:00:00","TH","FNC",13,4,"Breeze","EMEA","EMEA Stage 1","VCT"
405,"2024-05-10 10:30:00","FUT","KC",13,3,"Icebox","EMEA","EMEA Stage 1","VCT"
406,"2024-05-10 10:30:00","FUT","KC",13,10,"Sunset","EMEA","EMEA Stage 1","VCT"
407,"2024-05-11 08:00:00","FUT","FNC",13,11,"Icebox","EMEA","EMEA Stage 1","VCT"
408,"2024-05-11 08:00:00","FNC","FUT",13,6,"Bind","EMEA","EMEA Stage 1","VCT"
409,"2024-05-11 08:00:00","FNC","FUT",13,11,"Breeze","EMEA","EMEA Stage 1","VCT"
410,"2024-05-11 08:00:00","FNC","FUT",14,12,"Split","EMEA","EMEA Stage 1","VCT"
411,"2024-05-12 08:00:00","TH","FNC",13,7,"Sunset","EMEA","EMEA Stage 1","VCT"
412,"2024-05-12 08:00:00","TH","FNC",15,13,"Bind","EMEA","EMEA Stage 1","VCT"
413,"2024-05-12 08:00:00","FNC","TH",13,8,"Lotus","EMEA","EMEA Stage 1","VCT"
414,"2024-05-12 08:00:00","FNC","TH",13,5,"Split","EMEA","EMEA Stage 1","VCT"
415,"2024-05-12 08:00:00","FNC","TH",13,8,"Breeze","EMEA","EMEA Stage 1","VCT"
416,"2024-04-06 01:00:00","ZETA","GE",13,1,"Sunset","Pacific","Pacific Stage 1","VCT"
417,"2024-04-06 01:00:00","GE","ZETA",13,10,"Icebox","Pacific","Pacific Stage 1","VCT"
418,"2024-04-06 01:00:00","ZETA","GE",13,8,"Ascent","Pacific","Pacific Stage 1","VCT"
419,"2024-04-06 04:00:00","DRX","TS",13,8,"Sunset","Pacific","Pacific Stage 1","VCT"
420,"2024-04-06 04:00:00","DRX","TS",13,8,"Lotus","Pacific","Pacific Stage 1","VCT"
421,"2024-04-07 01:00:00","BLD","TLN",13,9,"Lotus","Pacific","Pacific Stage 1","VCT"
422,"2024-04-07 01:00:00","TLN","BLD",13,7,"Bind","Pacific","Pacific Stage 1","VCT"
423,"2024-04-07 01:00:00","TLN","BLD",13,6,"Icebox","Pacific","Pacific Stage 1","VCT"
425,"2024-04-07 04:15:00","PRX","T1",13,10,"Lotus","Pacific","Pacific Stage 1","VCT"
426,"2024-04-07 04:15:00","PRX","T1",14,12,"Bind","Pacific","Pacific Stage 1","VCT"
427,"2024-04-08 01:00:00","RRQ","TS",13,10,"Breeze","Pacific","Pacific Stage 1","VCT"
428,"2024-04-08 01:00:00","TS","RRQ",13,6,"Split","Pacific","Pacific Stage 1","VCT"
429,"2024-04-08 01:00:00","RRQ","TS",14,12,"Icebox","Pacific","Pacific Stage 1","VCT"
430,"2024-04-08 04:20:00","DRX","GE",13,8,"Ascent","Pacific","Pacific Stage 1","VCT"
431,"2024-04-08 04:20:00","DRX","GE",13,6,"Lotus","Pacific","Pacific Stage 1","VCT"
432,"2024-04-09 01:00:00","GENG","TLN",13,9,"Lotus","Pacific","Pacific Stage 1","VCT"
433,"2024-04-09 01:00:00","GENG","TLN",13,8,"Ascent","Pacific","Pacific Stage 1","VCT"
434,"2024-04-09 03:10:00","DFM","T1",13,10,"Ascent","Pacific","Pacific Stage 1","VCT"
435,"2024-04-09 03:10:00","T1","DFM",13,5,"Lotus","Pacific","Pacific Stage 1","VCT"
436,"2024-04-09 03:10:00","DFM","T1",13,11,"Sunset","Pacific","Pacific Stage 1","VCT"
437,"2024-04-13 01:00:00","GENG","PRX",13,11,"Lotus","Pacific","Pacific Stage 1","VCT"
438,"2024-04-13 01:00:00","PRX","GENG",13,11,"Icebox","Pacific","Pacific Stage 1","VCT"
439,"2024-04-13 01:00:00","PRX","GENG",13,6,"Bind","Pacific","Pacific Stage 1","VCT"
440,"2024-04-13 04:10:00","T1","DRX",13,9,"Breeze","Pacific","Pacific Stage 1","VCT"
441,"2024-04-13 04:10:00","DRX","T1",13,5,"Split","Pacific","Pacific Stage 1","VCT"
442,"2024-04-13 04:10:00","DRX","T1",13,6,"Bind","Pacific","Pacific Stage 1","VCT"
443,"2024-04-14 01:00:00","TS","ZETA",13,8,"Icebox","Pacific","Pacific Stage 1","VCT"
444,"2024-04-14 01:00:00","ZETA","TS",13,6,"Lotus","Pacific","Pacific Stage 1","VCT"
445,"2024-04-14 01:00:00","TS","ZETA",13,7,"Sunset","Pacific","Pacific Stage 1","VCT"
446,"2024-04-14 04:00:00","RRQ","BLD",13,2,"Lotus","Pacific","Pacific Stage 1","VCT"
447,"2024-04-14 04:00:00","RRQ","BLD",13,5,"Icebox","Pacific","Pacific Stage 1","VCT"
448,"2024-04-15 01:00:00","GENG","DFM",13,8,"Split","Pacific","Pacific Stage 1","VCT"
449,"2024-04-15 01:00:00","GENG","DFM",13,7,"Lotus","Pacific","Pacific Stage 1","VCT"
450,"2024-04-15 03:10:00","GE","TLN",13,4,"Icebox","Pacific","Pacific Stage 1","VCT"
451,"2024-04-15 03:10:00","TLN","GE",14,12,"Breeze","Pacific","Pacific Stage 1","VCT"
452,"2024-04-15 03:10:00","TLN","GE",13,6,"Lotus","Pacific","Pacific Stage 1","VCT"
453,"2024-04-16 01:00:00","T1","RRQ",13,6,"Ascent","Pacific","Pacific Stage 1","VCT"
454,"2024-04-16 01:00:00","T1","RRQ",13,8,"Lotus","Pacific","Pacific Stage 1","VCT"
455,"2024-04-16 03:00:00","ZETA","BLD",13,9,"Sunset","Pacific","Pacific Stage 1","VCT"
456,"2024-04-16 03:00:00","BLD","ZETA",13,9,"Ascent","Pacific","Pacific Stage 1","VCT"
457,"2024-04-16 03:00:00","ZETA","BLD",13,8,"Lotus","Pacific","Pacific Stage 1","VCT"
458,"2024-04-20 01:00:00","DRX","GENG",13,10,"Bind","Pacific","Pacific Stage 1","VCT"
459,"2024-04-20 01:00:00","GENG","DRX",13,9,"Ascent","Pacific","Pacific Stage 1","VCT"
460,"2024-04-20 01:00:00","DRX","GENG",13,7,"Split","Pacific","Pacific Stage 1","VCT"
461,"2024-04-20 04:15:00","DFM","BLD",13,9,"Lotus","Pacific","Pacific Stage 1","VCT"
462,"2024-04-20 04:15:00","BLD","DFM",13,7,"Split","Pacific","Pacific Stage 1","VCT"
463,"2024-04-20 04:15:00","BLD","DFM",13,4,"Ascent","Pacific","Pacific Stage 1","VCT"
464,"2024-04-21 01:00:00","GE","RRQ",13,10,"Lotus","Pacific","Pacific Stage 1","VCT"
465,"2024-04-21 01:00:00","GE","RRQ",13,4,"Icebox","Pacific","Pacific Stage 1","VCT"
466,"2024-04-21 04:00:00","TS","PRX",13,9,"Icebox","Pacific","Pacific Stage 1","VCT"
467,"2024-04-21 04:00:00","TS","PRX",13,9,"Sunset","Pacific","Pacific Stage 1","VCT"
468,"2024-04-22 01:00:00","TLN","T1",13,11,"Lotus","Pacific","Pacific Stage 1","VCT"
469,"2024-04-22 01:00:00","TLN","T1",13,10,"Bind","Pacific","Pacific Stage 1","VCT"
470,"2024-04-22 03:15:00","GENG","ZETA",13,8,"Split","Pacific","Pacific Stage 1","VCT"
471,"2024-04-22 03:15:00","GENG","ZETA",14,12,"Ascent","Pacific","Pacific Stage 1","VCT"
472,"2024-04-23 01:00:00","TS","DFM",13,4,"Lotus","Pacific","Pacific Stage 1","VCT"
473,"2024-04-23 01:00:00","DFM","TS",13,9,"Breeze","Pacific","Pacific Stage 1","VCT"
474,"2024-04-23 01:00:00","TS","DFM",13,2,"Sunset","Pacific","Pacific Stage 1","VCT"
475,"2024-04-23 03:50:00","PRX","GE",13,4,"Sunset","Pacific","Pacific Stage 1","VCT"
476,"2024-04-23 03:50:00","PRX","GE",13,7,"Icebox","Pacific","Pacific Stage 1","VCT"
477,"2024-04-27 01:00:00","PRX","BLD",13,5,"Ascent","Pacific","Pacific Stage 1","VCT"
478,"2024-04-27 01:00:00","PRX","BLD",13,6,"Bind","Pacific","Pacific Stage 1","VCT"
479,"2024-04-27 03:00:00","DFM","GE",13,10,"Split","Pacific","Pacific Stage 1","VCT"
480,"2024-04-27 03:00:00","GE","DFM",13,5,"Lotus","Pacific","Pacific Stage 1","VCT"
481,"2024-04-27 03:00:00","GE","DFM",13,11,"Ascent","Pacific","Pacific Stage 1","VCT"
482,"2024-04-28 01:00:00","ZETA","T1",13,11,"Bind","Pacific","Pacific Stage 1","VCT"
483,"2024-04-28 01:00:00","T1","ZETA",13,9,"Lotus","Pacific","Pacific Stage 1","VCT"
484,"2024-04-28 01:00:00","T1","ZETA",13,10,"Sunset","Pacific","Pacific Stage 1","VCT"
485,"2024-04-28 04:10:00","TS","TLN",13,11,"Sunset","Pacific","Pacific Stage 1","VCT"
486,"2024-04-28 04:10:00","TLN","TS",13,11,"Lotus","Pacific","Pacific Stage 1","VCT"
487,"2024-04-28 04:10:00","TLN","TS",13,10,"Breeze","Pacific","Pacific Stage 1","VCT"
488,"2024-04-29 01:00:00","DRX","BLD",13,9,"Bind","Pacific","Pacific Stage 1","VCT"
489,"2024-04-29 01:00:00","DRX","BLD",13,4,"Breeze","Pacific","Pacific Stage 1","VCT"
490,"2024-04-29 03:05:00","GENG","RRQ",13,3,"Breeze","Pacific","Pacific Stage 1","VCT"
491,"2024-04-29 03:05:00","RRQ","GENG",13,11,"Ascent","Pacific","Pacific Stage 1","VCT"
492,"2024-04-29 03:05:00","RRQ","GENG",13,10,"Split","Pacific","Pacific Stage 1","VCT"
493,"2024-05-03 01:00:00","T1","TS",13,7,"Lotus","Pacific","Pacific Stage 1","VCT"
494,"2024-05-03 01:00:00","T1","TS",13,11,"Sunset","Pacific","Pacific Stage 1","VCT"
495,"2024-05-03 03:10:00","PRX","TLN",13,0,"Lotus","Pacific","Pacific Stage 1","VCT"
496,"2024-05-03 03:10:00","TLN","PRX",13,7,"Bind","Pacific","Pacific Stage 1","VCT"
497,"2024-05-03 03:10:00","PRX","TLN",13,9,"Sunset","Pacific","Pacific Stage 1","VCT"
498,"2024-05-04 01:00:00","T1","GENG",13,9,"Ascent","Pacific","Pacific Stage 1","VCT"
499,"2024-05-04 01:00:00","GENG","T1",13,8,"Sunset","Pacific","Pacific Stage 1","VCT"
500,"2024-05-04 01:00:00","T1","GENG",13,7,"Breeze","Pacific","Pacific Stage 1","VCT"
501,"2024-05-04 04:10:00","PRX","DRX",13,6,"Lotus","Pacific","Pacific Stage 1","VCT"
502,"2024-05-04 04:10:00","DRX","PRX",13,10,"Ascent","Pacific","Pacific Stage 1","VCT"
503,"2024-05-04 04:10:00","PRX","DRX",13,6,"Bind","Pacific","Pacific Stage 1","VCT"
504,"2024-05-05 01:00:00","PRX","T1",13,3,"Lotus","Pacific","Pacific Stage 1","VCT"
505,"2024-05-05 01:00:00","PRX","T1",13,5,"Sunset","Pacific","Pacific Stage 1","VCT"
506,"2024-05-05 03:00:00","DRX","GENG",13,8,"Bind","Pacific","Pacific Stage 1","VCT"
507,"2024-05-05 03:00:00","GENG","DRX",13,11,"Sunset","Pacific","Pacific Stage 1","VCT"
508,"2024-05-05 03:00:00","GENG","DRX",13,8,"Ascent","Pacific","Pacific Stage 1","VCT"
509,"2024-05-11 01:00:00","GENG","T1",13,2,"Lotus","Pacific","Pacific Stage 1","VCT"
510,"2024-05-11 01:00:00","GENG","T1",13,11,"Icebox","Pacific","Pacific Stage 1","VCT"
511,"2024-05-11 01:00:00","GENG","T1",13,9,"Bind","Pacific","Pacific Stage 1","VCT"
512,"2024-05-12 01:00:00","GENG","PRX",13,9,"Lotus","Pacific","Pacific Stage 1","VCT"
513,"2024-05-12 01:00:00","PRX","GENG",13,9,"Sunset","Pacific","Pacific Stage 1","VCT"
514,"2024-05-12 01:00:00","PRX","GENG",13,11,"Icebox","Pacific","Pacific Stage 1","VCT"
515,"2024-05-12 01:00:00","GENG","PRX",13,9,"Bind","Pacific","Pacific Stage 1","VCT"
516,"2024-05-12 01:00:00","PRX","GENG",13,8,"Split","Pacific","Pacific Stage 1","VCT"
517,"2024-04-05 02:00:00","TYL","BILI",13,3,"Bind","China","China Stage 1","VCT"
518,"2024-04-05 02:00:00","BILI","TYL",13,6,"Icebox","China","China Stage 1","VCT"
519,"2024-04-05 02:00:00","BILI","TYL",13,6,"Lotus","China","China Stage 1","VCT"
520,"2024-04-05 05:10:00","WOL","TEC",13,5,"Split","China","China Stage 1","VCT"
521,"2024-04-05 05:10:00","TEC","WOL",14,12,"Bind","China","China Stage 1","VCT"
522,"2024-04-05 05:10:00","TEC","WOL",13,10,"Lotus","China","China Stage 1","VCT"
523,"2024-04-06 02:00:00","DRG","AG",13,11,"Icebox","China","China Stage 1","VCT"
524,"2024-04-06 02:00:00","AG","DRG",13,11,"Sunset","China","China Stage 1","VCT"
525,"2024-04-06 02:00:00","AG","DRG",13,8,"Breeze","China","China Stage 1","VCT"
526,"2024-04-06 05:45:00","EDG","JDG",13,5,"Ascent","China","China Stage 1","VCT"
527,"2024-04-06 05:45:00","JDG","EDG",13,9,"Bind","China","China Stage 1","VCT"
528,"2024-04-06 05:45:00","EDG","JDG",13,11,"Split","China","China Stage 1","VCT"
529,"2024-04-07 02:00:00","TRC","NOVA",13,5,"Lotus","China","China Stage 1","VCT"
530,"2024-04-07 02:00:00","TRC","NOVA",13,9,"Ascent","China","China Stage 1","VCT"
531,"2024-04-07 04:15:00","FPX","WOL",13,8,"Ascent","China","China Stage 1","VCT"
532,"2024-04-07 04:15:00","FPX","WOL",13,7,"Lotus","China","China Stage 1","VCT"
533,"2024-04-12 02:00:00","JDG","NOVA",13,8,"Sunset","China","China Stage 1","VCT"
534,"2024-04-12 02:00:00","NOVA","JDG",13,9,"Bind","China","China Stage 1","VCT"
535,"2024-04-12 02:00:00","NOVA","JDG",13,4,"Ascent","China","China Stage 1","VCT"
536,"2024-04-12 05:15:00","FPX","DRG",13,11,"Breeze","China","China Stage 1","VCT"
537,"2024-04-12 05:15:00","DRG","FPX",13,9,"Icebox","China","China Stage 1","VCT"
538,"2024-04-12 05:15:00","FPX","DRG",13,3,"Sunset","China","China Stage 1","VCT"
539,"2024-04-13 02:00:00","WOL","AG",13,9,"Breeze","China","China Stage 1","VCT"
540,"2024-04-13 02:00:00","WOL","AG",14,12,"Icebox","China","China Stage 1","VCT"
541,"2024-04-13 04:45:00","BILI","TRC",13,11,"Split","China","China Stage 1","VCT"
542,"2024-04-13 04:45:00","TRC","BILI",13,7,"Breeze","China","China Stage 1","VCT"
543,"2024-04-13 04:45:00","TRC","BILI",13,7,"Bind","China","China Stage 1","VCT"
544,"2024-04-14 02:00:00","TEC","DRG",13,4,"Breeze","China","China Stage 1","VCT"
545,"2024-04-14 02:00:00","DRG","TEC",13,7,"Split","China","China Stage 1","VCT"
546,"2024-04-14 02:00:00","DRG","TEC",13,5,"Icebox","China","China Stage 1","VCT"
547,"2024-04-14 04:50:00","EDG","TYL",13,5,"Sunset","China","China Stage 1","VCT"
548,"2024-04-14 04:50:00","EDG","TYL",13,10,"Bind","China","China Stage 1","VCT"
549,"2024-04-19 02:00:00","TRC","WOL",13,9,"Ascent","China","China Stage 1","VCT"
550,"2024-04-19 02:00:00","TRC","WOL",13,9,"Lotus","China","China Stage 1","VCT"
551,"2024-04-19 04:25:00","FPX","NOVA",13,6,"Ascent","China","China Stage 1","VCT"
552,"2024-04-19 04:25:00","FPX","NOVA",13,4,"Lotus","China","China Stage 1","VCT"
553,"2024-04-20 02:00:00","AG","BILI",13,11,"Lotus","China","China Stage 1","VCT"
554,"2024-04-20 02:00:00","AG","BILI",13,7,"Bind","China","China Stage 1","VCT"
555,"2024-04-20 04:40:00","DRG","JDG",13,7,"Breeze","China","China Stage 1","VCT"
556,"2024-04-20 04:40:00","JDG","DRG",13,5,"Icebox","China","China Stage 1","VCT"
557,"2024-04-20 04:40:00","DRG","JDG",14,12,"Bind","China","China Stage 1","VCT"
558,"2024-04-21 02:00:00","NOVA","TYL",13,10,"Icebox","China","China Stage 1","VCT"
559,"2024-04-21 02:00:00","TYL","NOVA",14,12,"Ascent","China","China Stage 1","VCT"
560,"2024-04-21 02:00:00","TYL","NOVA",13,9,"Split","China","China Stage 1","VCT"
561,"2024-04-21 06:00:00","EDG","TEC",13,5,"Ascent","China","China Stage 1","VCT"
562,"2024-04-21 06:00:00","EDG","TEC",13,5,"Sunset","China","China Stage 1","VCT"
563,"2024-04-26 02:00:00","TEC","BILI",13,11,"Sunset","China","China Stage 1","VCT"
564,"2024-04-26 02:00:00","BILI","TEC",13,8,"Bind","China","China Stage 1","VCT"
565,"2024-04-26 02:00:00","TEC","BILI",13,6,"Icebox","China","China Stage 1","VCT"
566,"2024-04-26 05:05:00","DRG","TRC",13,7,"Breeze","China","China Stage 1","VCT"
567,"2024-04-26 05:05:00","DRG","TRC",13,10,"Sunset","China","China Stage 1","VCT"
568,"2024-04-27 02:00:00","WOL","TYL",13,11,"Sunset","China","China Stage 1","VCT"
569,"2024-04-27 02:00:00","TYL","WOL",13,7,"Split","China","China Stage 1","VCT"
570,"2024-04-27 02:00:00","WOL","TYL",13,10,"Ascent","China","China Stage 1","VCT"
571,"2024-04-27 05:30:00","EDG","FPX",13,4,"Breeze","China","China Stage 1","VCT"
572,"2024-04-27 05:30:00","FPX","EDG",13,11,"Bind","China","China Stage 1","VCT"
573,"2024-04-27 05:30:00","FPX","EDG",13,4,"Ascent","China","China Stage 1","VCT"
574,"2024-04-28 02:00:00","AG","NOVA",16,14,"Lotus","China","China Stage 1","VCT"
575,"2024-04-28 02:00:00","NOVA","AG",13,10,"Bind","China","China Stage 1","VCT"
576,"2024-04-28 02:00:00","AG","NOVA",13,7,"Split","China","China Stage 1","VCT"
577,"2024-04-28 05:40:00","BILI","JDG",13,8,"Icebox","China","China Stage 1","VCT"
578,"2024-04-28 05:40:00","BILI","JDG",13,10,"Lotus","China","China Stage 1","VCT"
579,"2024-05-02 02:00:00","EDG","AG",13,6,"Sunset","China","China Stage 1","VCT"
580,"2024-05-02 02:00:00","EDG","AG",13,5,"Icebox","China","China Stage 1","VCT"
581,"2024-05-03 04:00:00","JDG","WOL",13,8,"Lotus","China","China Stage 1","VCT"
582,"2024-05-03 04:00:00","JDG","WOL",13,1,"Ascent","China","China Stage 1","VCT"
583,"2024-05-04 02:00:00","TYL","DRG",13,10,"Bind","China","China Stage 1","VCT"
584,"2024-05-04 02:00:00","TYL","DRG",13,8,"Breeze","China","China Stage 1","VCT"
585,"2024-05-04 04:30:00","FPX","BILI",13,2,"Icebox","China","China Stage 1","VCT"
586,"2024-05-04 04:30:00","FPX","BILI",13,6,"Lotus","China","China Stage 1","VCT"
587,"2024-05-05 02:00:00","NOVA","TEC",13,6,"Split","China","China Stage 1","VCT"
588,"2024-05-05 02:00:00","NOVA","TEC",13,6,"Lotus","China","China Stage 1","VCT"
589,"2024-05-05 04:05:00","EDG","TRC",15,13,"Sunset","China","China Stage 1","VCT"
590,"2024-05-05 04:05:00","EDG","TRC",14,12,"Breeze","China","China Stage 1","VCT"
591,"2024-05-08 02:00:00","TRC","AG",13,9,"Sunset","China","China Stage 1","VCT"
592,"2024-05-08 02:00:00","TRC","AG",13,7,"Breeze","China","China Stage 1","VCT"
593,"2024-05-08 04:15:00","DRG","NOVA",13,8,"Bind","China","China Stage 1","VCT"
594,"2024-05-08 04:15:00","DRG","NOVA",13,7,"Ascent","China","China Stage 1","VCT"
595,"2024-05-09 02:00:00","FPX","TRC",13,10,"Bind","China","China Stage 1","VCT"
596,"2024-05-09 02:00:00","FPX","TRC",13,8,"Lotus","China","China Stage 1","VCT"
597,"2024-05-09 04:30:00","EDG","DRG",13,3,"Ascent","China","China Stage 1","VCT"
598,"2024-05-09 04:30:00","EDG","DRG",13,9,"Split","China","China Stage 1","VCT"
599,"2024-05-10 02:00:00","FPX","EDG",13,10,"Icebox","China","China Stage 1","VCT"
600,"2024-05-10 02:00:00","FPX","EDG",14,12,"Breeze","China","China Stage 1","VCT"
601,"2024-05-10 04:45:00","TRC","DRG",13,6,"Sunset","China","China Stage 1","VCT"
602,"2024-05-10 04:45:00","DRG","TRC",13,8,"Split","China","China Stage 1","VCT"
603,"2024-05-10 04:45:00","DRG","TRC",13,7,"Bind","China","China Stage 1","VCT"
604,"2024-05-11 02:00:00","EDG","DRG",13,10,"Breeze","China","China Stage 1","VCT"
605,"2024-05-11 02:00:00","EDG","DRG",13,3,"Split","China","China Stage 1","VCT"
606,"2024-05-11 02:00:00","DRG","EDG",13,2,"Ascent","China","China Stage 1","VCT"
607,"2024-05-11 02:00:00","EDG","DRG",13,6,"Bind","China","China Stage 1","VCT"
608,"2024-05-12 02:00:00","FPX","EDG",13,6,"Lotus","China","China Stage 1","VCT"
609,"2024-05-12 02:00:00","EDG","FPX",13,9,"Bind","China","China Stage 1","VCT"
610,"2024-05-12 02:00:00","EDG","FPX",14,12,"Icebox","China","China Stage 1","VCT"
611,"2024-05-12 02:00:00","EDG","FPX",13,8,"Breeze","China","China Stage 1","VCT"
612,"2024-04-20 16:30:00","C9","LOUD",13,9,"Lotus","Americas","Americas Stage 1","VCT"
613,"2024-05-23 01:00:00","G2","T1",13,8,"Breeze","International","Master Shanghai","VCT"
614,"2024-05-23 01:00:00","T1","G2",13,1,"Icebox","International","Master Shanghai","VCT"
615,"2024-05-23 01:00:00","G2","T1",14,12,"Lotus","International","Master Shanghai","VCT"
616,"2024-05-23 04:10:00","FPX","FUT",13,7,"Sunset","International","Master Shanghai","VCT"
617,"2024-05-23 04:10:00","FUT","FPX",14,12,"Lotus","International","Master Shanghai","VCT"
618,"2024-05-23 04:10:00","FPX","FUT",13,10,"Icebox","International","Master Shanghai","VCT"
619,"2024-05-24 01:00:00","LEV","GENG",13,7,"Icebox","International","Masters Shanghai","VCT"
620,"2024-05-24 01:00:00","GENG","LEV",13,5,"Lotus","International","Masters Shanghai","VCT"
621,"2024-05-24 01:00:00","GENG","LEV",13,7,"Breeze","International","Masters Shanghai","VCT"
622,"2024-05-24 04:00:00","TH","DRG",13,5,"Icebox","International","Masters Shanghai","VCT"
623,"2024-05-24 04:00:00","TH","DRG",13,5,"Sunset","International","Masters Shanghai","VCT"
624,"2024-05-25 01:00:00","FPX","GENG",16,14,"Lotus","International","Masters Shanghai","VCT"
625,"2024-05-25 01:00:00","GENG","FPX",13,7,"Sunset","International","Masters Shanghai","VCT"
626,"2024-05-25 01:00:00","GENG","FPX",13,11,"Ascent","International","Masters Shanghai","VCT"
627,"2024-05-25 04:40:00","TH","G2",13,9,"Lotus","International","Masters Shanghai","VCT"
628,"2024-05-25 04:40:00","G2","TH",13,6,"Bind","International","Masters Shanghai","VCT"
629,"2024-05-25 04:40:00","G2","TH",13,8,"Split","International","Masters Shanghai","VCT"
630,"2024-05-26 01:00:00","LEV","T1",13,9,"Breeze","International","Masters Shanghai","VCT"
631,"2024-05-26 01:00:00","LEV","T1",13,7,"Sunset","International","Masters Shanghai","VCT"
632,"2024-05-26 03:10:00","FUT","DRG",13,10,"Bind","International","Masters Shanghai","VCT"
633,"2024-05-26 03:10:00","FUT","DRG",14,12,"Ascent","International","Masters Shanghai","VCT"
634,"2024-05-27 01:00:00","TH","FPX",13,4,"Sunset","International","Masters Shanghai","VCT"
635,"2024-05-27 01:00:00","FPX","TH",13,6,"Lotus","International","Masters Shanghai","VCT"
636,"2024-05-27 01:00:00","TH","FPX",17,15,"Icebox","International","Masters Shanghai","VCT"
637,"2024-05-27 04:35:00","FUT","LEV",13,1,"Sunset","International","Masters Shanghai","VCT"
638,"2024-05-27 04:35:00","LEV","FUT",13,11,"Lotus","International","Masters Shanghai","VCT"
639,"2024-05-27 04:35:00","FUT","LEV",13,11,"Bind","International","Masters Shanghai","VCT"
640,"2024-05-30 01:00:00","100T","FUT",13,2,"Icebox","International","Masters Shanghai","VCT"
641,"2024-05-30 01:00:00","100T","FUT",13,5,"Bind","International","Masters Shanghai","VCT"
642,"2024-05-30 02:50:00","FNC","GENG",13,10,"Lotus","International","Masters Shanghai","VCT"
643,"2024-05-30 02:50:00","GENG","FNC",13,10,"Bind","International","Masters Shanghai","VCT"
644,"2024-05-30 02:50:00","GENG","FNC",13,11,"Breeze","International","Masters Shanghai","VCT"
645,"2024-05-31 01:00:00","PRX","G2",13,7,"Split","International","Masters Shanghai","VCT"
646,"2024-05-31 01:00:00","G2","PRX",13,10,"Lotus","International","Masters Shanghai","VCT"
647,"2024-05-31 01:00:00","G2","PRX",13,5,"Bind","International","Masters Shanghai","VCT"
648,"2024-05-31 04:00:00","TH","EDG",13,6,"Sunset","International","Masters Shanghai","VCT"
649,"2024-05-31 04:00:00","TH","EDG",13,3,"Split","International","Masters Shanghai","VCT"
650,"2024-06-01 01:00:00","FNC","FUT",13,5,"Split","International","Masters Shanghai","VCT"
651,"2024-06-01 01:00:00","FUT","FNC",13,8,"Lotus","International","Masters Shanghai","VCT"
652,"2024-06-01 01:00:00","FUT","FNC",13,3,"Ascent","International","Masters Shanghai","VCT"
653,"2024-06-01 04:00:00","PRX","EDG",13,11,"Bind","International","Masters Shanghai","VCT"
654,"2024-06-01 04:00:00","PRX","EDG",13,6,"Sunset","International","Masters Shanghai","VCT"
655,"2024-06-02 01:00:00","GENG","100T",13,10,"Icebox","International","Masters Shanghai","VCT"
656,"2024-06-02 01:00:00","GENG","100T",13,10,"Ascent","International","Masters Shanghai","VCT"
657,"2024-06-02 03:15:00","TH","G2",13,7,"Icebox","International","Masters Shanghai","VCT"
658,"2024-06-02 03:15:00","G2","TH",13,11,"Ascent","International","Masters Shanghai","VCT"
659,"2024-06-02 03:15:00","G2","TH",13,4,"Lotus","International","Masters Shanghai","VCT"
660,"2024-06-03 01:00:00","100T","PRX",13,5,"Breeze","International","Masters Shanghai","VCT"
661,"2024-06-03 01:00:00","PRX","100T",13,10,"Sunset","International","Masters Shanghai","VCT"
662,"2024-06-03 01:00:00","100T","PRX",14,12,"Icebox","International","Masters Shanghai","VCT"
663,"2024-06-03 04:10:00","TH","FUT",13,7,"Bind","International","Masters Shanghai","VCT"
664,"2024-06-03 04:10:00","TH","FUT",13,4,"Sunset","International","Masters Shanghai","VCT"
665,"2024-06-07 01:00:00","GENG","G2",13,8,"Lotus","International","Masters Shanghai","VCT"
666,"2024-06-07 01:00:00","GENG","G2",13,10,"Ascent","International","Masters Shanghai","VCT"
667,"2024-06-07 03:25:00","TH","100T",15,13,"Bind","International","Masters Shanghai","VCT"
668,"2024-06-07 03:25:00","TH","100T",13,1,"Sunset","International","Masters Shanghai","VCT"
669,"2024-06-08 01:00:00","TH","G2",13,2,"Bind","International","Masters Shanghai","VCT"
670,"2024-06-08 01:00:00","TH","G2",13,6,"Icebox","International","Masters Shanghai","VCT"
671,"2024-06-08 01:00:00","TH","G2",13,8,"Lotus","International","Masters Shanghai","VCT"
672,"2024-06-09 01:15:00","GENG","TH",13,6,"Breeze","International","Masters Shanghai","VCT"
673,"2024-06-09 01:15:00","TH","GENG",13,9,"Icebox","International","Masters Shanghai","VCT"
674,"2024-06-09 01:15:00","TH","GENG",13,9,"Ascent","International","Masters Shanghai","VCT"
675,"2024-06-09 01:15:00","GENG","TH",13,4,"Lotus","International","Masters Shanghai","VCT"
676,"2024-06-09 01:15:00","GENG","TH",13,3,"Split","International","Masters Shanghai","VCT"
677,"2024-06-15 01:00:00","DRX","ZETA",13,0,"Icebox","Pacific","Pacific Stage 2","VCT"
678,"2024-06-15 01:00:00","ZETA","DRX",13,11,"Sunset","Pacific","Pacific Stage 2","VCT"
679,"2024-06-15 01:00:00","DRX","ZETA",13,4,"Breeze","Pacific","Pacific Stage 2","VCT"
680,"2024-06-15 03:40:00","BLD","TS",13,10,"Ascent","Pacific","Pacific Stage 2","VCT"
681,"2024-06-15 03:40:00","TS","BLD",13,8,"Sunset","Pacific","Pacific Stage 2","VCT"
682,"2024-06-15 03:40:00","TS","BLD",13,8,"Split","Pacific","Pacific Stage 2","VCT"
683,"2024-06-16 01:00:00","GENG","T1",15,13,"Split","Pacific","Pacific Stage 2","VCT"
684,"2024-06-16 01:00:00","T1","GENG",13,5,"Lotus","Pacific","Pacific Stage 2","VCT"
685,"2024-06-16 01:00:00","GENG","T1",13,9,"Sunset","Pacific","Pacific Stage 2","VCT"
686,"2024-06-16 04:30:00","PRX","TLN",13,4,"Icebox","Pacific","Pacific Stage 2","VCT"
687,"2024-06-16 04:30:00","PRX","TLN",13,7,"Sunset","Pacific","Pacific Stage 2","VCT"
688,"2024-06-17 01:00:00","RRQ","DFM",15,13,"Icebox","Pacific","Pacific Stage 2","VCT"
689,"2024-06-17 01:00:00","RRQ","DFM",13,9,"Ascent","Pacific","Pacific Stage 2","VCT"
690,"2024-06-17 03:35:00","TS","GE",13,8,"Sunset","Pacific","Pacific Stage 2","VCT"
691,"2024-06-17 03:35:00","TS","GE",13,10,"Ascent","Pacific","Pacific Stage 2","VCT"
692,"2024-06-15 04:00:00","JDG","TEC",14,12,"Icebox","China","China Stage 2","VCT"
693,"2024-06-15 04:00:00","JDG","TEC",13,11,"Lotus","China","China Stage 2","VCT"
694,"2024-06-16 02:00:00","AG","TYL",13,10,"Sunset","China","China Stage 2","VCT"
695,"2024-06-16 02:00:00","AG","TYL",13,4,"Icebox","China","China Stage 2","VCT"
696,"2024-06-16 04:05:00","BILI","WOL",13,5,"Sunset","China","China Stage 2","VCT"
697,"2024-06-16 04:05:00","BILI","WOL",13,7,"Bind","China","China Stage 2","VCT"
698,"2024-06-18 11:00:00","FUT","KOI",13,7,"Split","EMEA","EMEA Stage 2","VCT"
699,"2024-06-18 11:00:00","KOI","FUT",13,7,"Lotus","EMEA","EMEA Stage 2","VCT"
700,"2024-06-18 11:00:00","FUT","KOI",13,6,"Sunset","EMEA","EMEA Stage 2","VCT"
701,"2024-06-19 09:00:00","FNC","BBL",13,9,"Ascent","EMEA","EMEA Stage 2","VCT"
702,"2024-06-19 09:00:00","BBL","FNC",13,11,"Bind","EMEA","EMEA Stage 2","VCT"
703,"2024-06-19 09:00:00","FNC","BBL",13,11,"Lotus","EMEA","EMEA Stage 2","VCT"
704,"2024-06-19 12:30:00","TH","NAVI",13,3,"Sunset","EMEA","EMEA Stage 2","VCT"
705,"2024-06-19 12:30:00","TH","NAVI",13,5,"Bind","EMEA","EMEA Stage 2","VCT"
706,"2024-06-20 09:00:00","GM8","GX",13,1,"Split","EMEA","EMEA Stage 2","VCT"
707,"2024-06-20 09:00:00","GX","GM8",13,11,"Sunset","EMEA","EMEA Stage 2","VCT"
708,"2024-06-20 09:00:00","GX","GM8",13,11,"Breeze","EMEA","EMEA Stage 2","VCT"
709,"2024-06-20 12:10:00","VIT","TL",13,10,"Lotus","EMEA","EMEA Stage 2","VCT"
710,"2024-06-20 12:10:00","VIT","TL",17,15,"Icebox","EMEA","EMEA Stage 2","VCT"
716,"2024-06-21 02:00:00","DRG","NOVA",13,7,"Ascent","China","China Stage 2","VCT"
717,"2024-06-21 02:00:00","NOVA","DRG",14,12,"Lotus","China","China Stage 2","VCT"
718,"2024-06-21 02:00:00","NOVA","DRG",13,5,"Sunset","China","China Stage 2","VCT"
719,"2024-06-21 05:15:00","FPX","TRC",13,5,"Haven","China","China Stage 2","VCT"
720,"2024-06-21 05:15:00","TRC","FPX",15,13,"Lotus","China","China Stage 2","VCT"
721,"2024-06-21 05:15:00","TRC","FPX",13,6,"Sunset","China","China Stage 2","VCT"
722,"2024-06-21 09:00:00","KC","BBL",13,6,"Lotus","EMEA","Emea Stage 2","VCT"
723,"2024-06-21 09:00:00","KC","BBL",13,5,"Sunset","EMEA","Emea Stage 2","VCT"
724,"2024-06-21 10:15:00","FUT","NAVI",13,11,"Ascent","EMEA","Emea Stage 2","VCT"
725,"2024-06-21 10:15:00","FUT","NAVI",13,5,"Lotus","EMEA","Emea Stage 2","VCT"
726,"2024-06-22 02:00:00","AG","TEC",13,10,"Sunset","China","China Stage 2","VCT"
727,"2024-06-22 02:00:00","AG","TEC",13,6,"Icebox","China","China Stage 2","VCT"
728,"2024-06-22 04:00:00","EDG","WOL",13,7,"Split","China","China Stage 2","VCT"
729,"2024-06-22 04:00:00","WOL","EDG",14,12,"Bind","China","China Stage 2","VCT"
730,"2024-06-22 04:00:00","WOL","EDG",13,7,"Icebox","China","China Stage 2","VCT"
731,"2024-06-22 01:00:00","TLN","RRQ",15,13,"Lotus","Pacific","Pacific Stage 2","VCT"
732,"2024-06-22 01:00:00","RRQ","TLN",13,10,"Ascent","Pacific","Pacific Stage 2","VCT"
733,"2024-06-22 01:00:00","TLN","RRQ",13,10,"Icebox","Pacific","Pacific Stage 2","VCT"
734,"2024-06-22 04:50:00","PRX","DRX",13,4,"Split","Pacific","Pacific Stage 2","VCT"
735,"2024-06-22 04:50:00","DRX","PRX",13,8,"Haven","Pacific","Pacific Stage 2","VCT"
736,"2024-06-22 04:50:00","PRX","DRX",13,5,"Icebox","Pacific","Pacific Stage 2","VCT"
737,"2024-06-23 01:00:00","GE","BLD",13,6,"Lotus","Pacific","Pacific Stage 2","VCT"
738,"2024-06-23 01:00:00","GE","BLD",13,6,"Sunset","Pacific","Pacific Stage 2","VCT"
739,"2024-06-23 03:05:00","ZETA","DFM",13,7,"Haven","Pacific","Pacific Stage 2","VCT"
740,"2024-06-23 03:05:00","DFM","ZETA",13,9,"Sunset","Pacific","Pacific Stage 2","VCT"
741,"2024-06-23 03:05:00","DFM","ZETA",13,10,"Ascent","Pacific","Pacific Stage 2","VCT"
742,"2024-06-24 01:00:00","RRQ","DRX",14,12,"Split","Pacific","Pacific Stage 2","VCT"
743,"2024-06-24 01:00:00","RRQ","DRX",14,12,"Sunset","Pacific","Pacific Stage 2","VCT"
744,"2024-06-24 03:20:00","T1","TS",13,10,"Haven","Pacific","Pacific Stage 2","VCT"
745,"2024-06-24 03:20:00","TS","T1",13,6,"Split","Pacific","Pacific Stage 2","VCT"
746,"2024-06-24 03:20:00","TS","T1",14,12,"Icebox","Pacific","Pacific Stage 2","VCT"
747,"2024-06-23 02:00:00","TRC","TYL",13,11,"Split","China","China Stage 2","VCT"
748,"2024-06-23 02:00:00","TYL","TRC",13,7,"Sunset","China","China Stage 2","VCT"
749,"2024-06-23 02:00:00","TRC","TYL",13,4,"Haven","China","China Stage 2","VCT"
750,"2024-06-23 05:05:00","NOVA","BILI",16,14,"Split","China","China Stage 2","VCT"
751,"2024-06-23 05:05:00","BILI","NOVA",13,9,"Bind","China","China Stage 2","VCT"
752,"2024-06-23 05:05:00","BILI","NOVA",13,6,"Ascent","China","China Stage 2","VCT"
753,"2024-06-22 14:00:00","LEV","MIBR",13,9,"Ascent","Americas","Americas Stage 2","VCT"
754,"2024-06-22 14:00:00","LEV","MIBR",13,7,"Icebox","Americas","Americas Stage 2","VCT"
755,"2024-06-22 16:15:00","SEN","NRG",13,8,"Lotus","Americas","Americas Stage 2","VCT"
756,"2024-06-22 16:15:00","SEN","NRG",14,12,"Sunset","Americas","Americas Stage 2","VCT"
757,"2024-06-23 14:00:00","FUR","100T",14,12,"Icebox","Americas","Americas Stage 2","VCT"
758,"2024-06-23 16:45:00","LOUD","EG",13,7,"Lotus","Americas","Americas Stage 2","VCT"
759,"2024-06-23 16:45:00","EG","LOUD",13,6,"Sunset","Americas","Americas Stage 2","VCT"
760,"2024-06-23 16:45:00","EG","LOUD",13,11,"Icebox","Americas","Americas Stage 2","VCT"
761,"2024-06-23 14:00:00","FUR","100T",16,14,"Haven","Americas","Americas Stage 2","VCT"
762,"2024-06-25 11:00:00","KOI","GX",13,5,"Sunset","EMEA","EMEA Stage 2","VCT"
763,"2024-06-25 11:00:00","KOI","GX",14,12,"Icebox","EMEA","EMEA Stage 2","VCT"
764,"2024-06-25 14:00:00","G2","C9",13,11,"Ascent","Americas","Americas Stage 2","VCT"
765,"2024-06-25 14:00:00","C9","G2",13,5,"Icebox","Americas","Americas Stage 2","VCT"
766,"2024-06-25 14:00:00","G2","C9",13,8,"Lotus","Americas","Americas Stage 2","VCT"
767,"2024-06-26 09:00:00","TH","FUT",13,10,"Sunset","EMEA","EMEA Stage 2","VCT"
768,"2024-06-26 09:00:00","TH","FUT",13,6,"Split","EMEA","EMEA Stage 2","VCT"
769,"2024-06-26 11:15:00","FNC","VIT",13,6,"Haven","EMEA","EMEA Stage 2","VCT"
770,"2024-06-26 11:15:00","VIT","FNC",13,6,"Icebox","EMEA","EMEA Stage 2","VCT"
771,"2024-06-26 11:15:00","FNC","VIT",13,7,"Lotus","EMEA","EMEA Stage 2","VCT"
772,"2024-06-27 09:00:00","BBL","TL",13,6,"Lotus","EMEA","EMEA Stage 2","VCT"
773,"2024-06-27 09:00:00","BBL","TL",13,5,"Ascent","EMEA","EMEA Stage 2","VCT"
774,"2024-06-27 11:00:00","GX","NAVI",13,9,"Lotus","EMEA","EMEA Stage 2","VCT"
775,"2024-06-27 11:00:00","GX","NAVI",13,8,"Ascent","EMEA","EMEA Stage 2","VCT"
776,"2024-06-26 04:00:00","FPX","JDG",13,8,"Sunset","China","China Stage 2","VCT"
777,"2024-06-26 04:00:00","FPX","JDG",14,12,"Haven","China","China Stage 2","VCT"
778,"2024-06-27 04:00:00","DRG","EDG",13,11,"Lotus","China","China Stage 2","VCT"
779,"2024-06-27 04:00:00","DRG","EDG",13,5,"Haven","China","China Stage 2","VCT"
780,"2024-06-29 14:00:00","EG","FUR",13,5,"Bind","Americas","Americas Stage 2","VCT"
781,"2024-06-29 14:00:00","EG","FUR",13,4,"Lotus","Americas","Americas Stage 2","VCT"
782,"2024-06-29 16:00:00","SEN","KRU",13,11,"Lotus","Americas","Americas Stage 2","VCT"
783,"2024-06-29 16:00:00","SEN","KRU",13,10,"Split","Americas","Americas Stage 2","VCT"
784,"2024-06-30 14:00:00","LOUD","MIBR",13,7,"Ascent","Americas","Americas Stage 2","VCT"
785,"2024-06-30 14:00:00","MIBR","LOUD",13,11,"Lotus","Americas","Americas Stage 2","VCT"
786,"2024-06-30 14:00:00","LOUD","MIBR",13,9,"Sunset","Americas","Americas Stage 2","VCT"
787,"2024-06-30 17:20:00","LEV","100T",13,10,"Bind","Americas","Americas Stage 2","VCT"
788,"2024-06-30 17:20:00","LEV","100T",13,4,"Haven","Americas","Americas Stage 2","VCT"
789,"2024-06-28 09:00:00","GM8","KOI",13,11,"Sunset","EMEA","EMEA Stage 2","VCT"
790,"2024-06-28 09:00:00","GM8","KOI",13,11,"Split","EMEA","EMEA Stage 2","VCT"
791,"2024-06-28 11:30:00","FNC","KC",13,3,"Haven","EMEA","EMEA Stage 2","VCT"
792,"2024-06-28 11:30:00","FNC","KC",13,8,"Lotus","EMEA","EMEA Stage 2","VCT"
793,"2024-06-28 02:00:00","NOVA","WOL",14,12,"Icebox","China","China Stage 2","VCT"
794,"2024-06-28 02:00:00","NOVA","WOL",15,13,"Sunset","China","China Stage 2","VCT"
795,"2024-06-28 04:35:00","JDG","TRC",13,2,"Bind","China","China Stage 2","VCT"
796,"2024-06-28 04:35:00","TRC","JDG",13,8,"Sunset","China","China Stage 2","VCT"
797,"2024-06-28 04:35:00","JDG","TRC",13,6,"Haven","China","China Stage 2","VCT"
798,"2024-06-29 02:00:00","TYL","TEC",13,11,"Bind","China","China Stage 2","VCT"
799,"2024-06-29 02:00:00","TEC","TYL",13,11,"Ascent","China","China Stage 2","VCT"
800,"2024-06-29 02:00:00","TYL","TEC",13,9,"Icebox","China","China Stage 2","VCT"
801,"2024-06-29 05:30:00","FPX","AG",13,11,"Sunset","China","China Stage 2","VCT"
802,"2024-06-29 05:30:00","AG","FPX",13,8,"Haven","China","China Stage 2","VCT"
803,"2024-06-29 05:30:00","FPX","AG",13,7,"Ascent","China","China Stage 2","VCT"
804,"2024-06-30 02:00:00","BILI","DRG",13,11,"Lotus","China","China Stage 2","VCT"
805,"2024-06-30 02:00:00","BILI","DRG",13,11,"Ascent","China","China Stage 2","VCT"
806,"2024-06-30 04:20:00","EDG","NOVA",13,9,"Lotus","China","China Stage 2","VCT"
807,"2024-06-30 04:20:00","EDG","NOVA",13,6,"Bind","China","China Stage 2","VCT"
808,"2024-06-29 01:00:00","TLN","DFM",13,7,"Lotus","Pacific","Pacific Stage 2","VCT"
809,"2024-06-29 01:00:00","TLN","DFM",13,10,"Sunset","Pacific","Pacific Stage 2","VCT"
810,"2024-06-29 03:10:00","RRQ","ZETA",13,8,"Split","Pacific","Pacific Stage 2","VCT"
811,"2024-06-29 03:10:00","RRQ","ZETA",13,10,"Sunset","Pacific","Pacific Stage 2","VCT"
812,"2024-06-30 01:00:00","GE","T1",13,10,"Icebox","Pacific","Pacific Stage 2","VCT"
813,"2024-06-30 01:00:00","T1","GE",13,8,"Lotus","Pacific","Pacific Stage 2","VCT"
814,"2024-06-30 01:00:00","T1","GE",13,8,"Ascent","Pacific","Pacific Stage 2","VCT"
815,"2024-06-30 04:15:00","GENG","BLD",13,6,"Ascent","Pacific","Pacific Stage 2","VCT"
816,"2024-06-30 04:15:00","BLD","GENG",13,10,"Sunset","Pacific","Pacific Stage 2","VCT"
817,"2024-06-30 04:15:00","GENG","BLD",13,11,"Icebox","Pacific","Pacific Stage 2","VCT"
818,"2024-07-01 01:00:00","PRX","DFM",13,4,"Icebox","Pacific","Pacific Stage 2","VCT"
819,"2024-07-01 01:00:00","PRX","DFM",13,8,"Sunset","Pacific","Pacific Stage 2","VCT"
820,"2024-07-01 03:00:00","TLN","DRX",13,11,"Ascent","Pacific","Pacific Stage 2","VCT"
821,"2024-07-01 03:00:00","DRX","TLN",13,10,"Haven","Pacific","Pacific Stage 2","VCT"
822,"2024-07-01 03:00:00","DRX","TLN",13,5,"Icebox","Pacific","Pacific Stage 2","VCT"
823,"2024-07-01 14:00:00","G2","NRG",13,7,"Haven","Americas","Americas Stage 2","VCT"
824,"2024-07-01 14:00:00","G2","NRG",13,8,"Bind","Americas","Americas Stage 2","VCT"
825,"2024-07-01 16:25:00","SEN","C9",13,5,"Haven","Americas","Americas Stage 2","VCT"
826,"2024-07-01 16:25:00","SEN","C9",13,8,"Split","Americas","Americas Stage 2","VCT"
827,"2024-07-02 14:00:00","LEV","EG",13,5,"Icebox","Americas","Americas Stage 2","VCT"
828,"2024-07-02 14:00:00","LEV","EG",13,10,"Sunset","Americas","Americas Stage 2","VCT"
829,"2024-07-02 16:15:00","LOUD","FUR",13,11,"Haven","Americas","Americas Stage 2","VCT"
830,"2024-07-02 16:15:00","FUR","LOUD",13,10,"Icebox","Americas","Americas Stage 2","VCT"
831,"2024-07-02 16:15:00","FUR","LOUD",13,9,"Bind","Americas","Americas Stage 2","VCT"
832,"2024-07-03 14:00:00","100T","MIBR",13,5,"Icebox","Americas","Americas Stage 2","VCT"
833,"2024-07-03 14:00:00","100T","MIBR",13,6,"Split","Americas","Americas Stage 2","VCT"
834,"2024-07-03 16:05:00","KRU","NRG",13,8,"Split","Americas","Americas Stage 2","VCT"
835,"2024-07-03 16:05:00","NRG","KRU",13,8,"Ascent","Americas","Americas Stage 2","VCT"
836,"2024-07-03 16:05:00","NRG","KRU",13,7,"Sunset","Americas","Americas Stage 2","VCT"
837,"2024-07-06 14:00:00","KRU","G2",13,4,"Lotus","Americas","Americas Stage 2","VCT"
838,"2024-07-06 14:00:00","G2","KRU",16,14,"Ascent","Americas","Americas Stage 2","VCT"
839,"2024-07-06 14:00:00","G2","KRU",13,5,"Split","Americas","Americas Stage 2","VCT"
840,"2024-07-06 17:35:00","LEV","LOUD",13,11,"Lotus","Americas","Americas Stage 2","VCT"
841,"2024-07-06 17:35:00","LEV","LOUD",13,6,"Icebox","Americas","Americas Stage 2","VCT"
842,"2024-07-07 14:00:00","FUR","MIBR",13,10,"Sunset","Americas","Americas Stage 2","VCT"
843,"2024-07-07 14:00:00","FUR","MIBR",13,7,"Icebox","Americas","Americas Stage 2","VCT"
844,"2024-07-07 16:15:00","NRG","C9",13,3,"Ascent","Americas","Americas Stage 2","VCT"
845,"2024-07-07 16:15:00","C9","NRG",13,10,"Icebox","Americas","Americas Stage 2","VCT"
846,"2024-07-07 16:15:00","C9","NRG",14,12,"Sunset","Americas","Americas Stage 2","VCT"
847,"2024-07-03 09:00:00","TH","GX",13,9,"Bind","EMEA","EMEA Stage 2","VCT"
848,"2024-07-03 09:00:00","GX","TH",15,13,"Split","EMEA","EMEA Stage 2","VCT"
849,"2024-07-03 09:00:00","TH","GX",13,9,"Haven","EMEA","EMEA Stage 2","VCT"
850,"2024-07-03 12:25:00","FUT","GM8",13,8,"Sunset","EMEA","EMEA Stage 2","VCT"
851,"2024-07-03 12:25:00","FUT","GM8",13,4,"Split","EMEA","EMEA Stage 2","VCT"
852,"2024-07-04 09:00:00","KOI","NAVI",13,10,"Split","EMEA","EMEA Stage 2","VCT"
853,"2024-07-04 09:00:00","KOI","NAVI",13,6,"Icebox","EMEA","EMEA Stage 2","VCT"
854,"2024-07-04 11:05:00","TL","KC",13,11,"Bind","EMEA","EMEA Stage 2","VCT"
855,"2024-07-04 11:05:00","TL","KC",13,2,"Sunset","EMEA","EMEA Stage 2","VCT"
856,"2024-07-05 09:00:00","VIT","BBL",13,7,"Ascent","EMEA","EMEA Stage 2","VCT"
857,"2024-07-05 09:00:00","BBL","VIT",13,6,"Sunset","EMEA","EMEA Stage 2","VCT"
858,"2024-07-05 09:00:00","VIT","BBL",13,11,"Lotus","EMEA","EMEA Stage 2","VCT"
859,"2024-07-05 12:00:00","TH","GM8",13,7,"Sunset","EMEA","EMEA Stage 2","VCT"
860,"2024-07-05 12:00:00","GM8","TH",13,10,"Icebox","EMEA","EMEA Stage 2","VCT"
861,"2024-07-05 12:00:00","TH","GM8",13,5,"Lotus","EMEA","EMEA Stage 2","VCT"
862,"2024-07-03 04:00:00","TRC","AG",13,6,"Haven","China","China Stage 2","VCT"
863,"2024-07-03 04:00:00","TRC","AG",13,4,"Sunset","China","China Stage 2","VCT"
864,"2024-07-04 04:00:00","TEC","FPX",13,9,"Lotus","China","China Stage 2","VCT"
865,"2024-07-04 04:00:00","TEC","FPX",13,6,"Sunset","China","China Stage 2","VCT"
866,"2024-07-05 02:00:00","JDG","TYL",13,1,"Haven","China","China Stage 2","VCT"
867,"2024-07-05 02:00:00","JDG","TYL",13,9,"Icebox","China","China Stage 2","VCT"
868,"2024-07-05 04:00:00","WOL","DRG",13,7,"Icebox","China","China Stage 2","VCT"
869,"2024-07-05 04:00:00","WOL","DRG",13,6,"Ascent","China","China Stage 2","VCT"
870,"2024-07-06 02:00:00","TRC","TEC",13,11,"Lotus","China","China Stage 2","VCT"
871,"2024-07-06 02:00:00","TEC","TRC",13,8,"Bind","China","China Stage 2","VCT"
872,"2024-07-06 02:00:00","TRC","TEC",13,10,"Haven","China","China Stage 2","VCT"
873,"2024-07-06 05:20:00","EDG","BILI",13,11,"Icebox","China","China Stage 2","VCT"
874,"2024-07-06 05:20:00","EDG","BILI",13,8,"Haven","China","China Stage 2","VCT"
875,"2024-07-07 02:00:00","JDG","AG",13,8,"Haven","China","China Stage 2","VCT"
876,"2024-07-07 02:00:00","JDG","AG",13,3,"Icebox","China","China Stage 2","VCT"
877,"2024-07-07 04:00:00","FPX","TYL",13,5,"Icebox","China","China Stage 2","VCT"
878,"2024-07-07 04:00:00","TYL","FPX",14,12,"Haven","China","China Stage 2","VCT"
879,"2024-07-07 04:00:00","TYL","FPX",13,4,"Ascent","China","China Stage 2","VCT"
880,"2024-07-05 01:00:00","PRX","RRQ",13,7,"Lotus","Pacific","Pacific Stage 2","VCT"
881,"2024-07-05 01:00:00","RRQ","PRX",13,7,"Ascent","Pacific","Pacific Stage 2","VCT"
882,"2024-07-05 01:00:00","PRX","RRQ",13,10,"Sunset","Pacific","Pacific Stage 2","VCT"
883,"2024-07-05 04:00:00","GENG","GE",13,1,"Lotus","Pacific","Pacific Stage 2","VCT"
884,"2024-07-05 04:00:00","GENG","GE",13,6,"Ascent","Pacific","Pacific Stage 2","VCT"
885,"2024-07-06 01:00:00","DRX","DFM",13,7,"Icebox","Pacific","Pacific Stage 2","VCT"
886,"2024-07-06 01:00:00","DFM","DRX",13,6,"Ascent","Pacific","Pacific Stage 2","VCT"
887,"2024-07-06 01:00:00","DRX","DFM",13,2,"Haven","Pacific","Pacific Stage 2","VCT"
888,"2024-07-06 03:45:00","ZETA","TLN",13,6,"Ascent","Pacific","Pacific Stage 2","VCT"
889,"2024-07-06 03:45:00","TLN","ZETA",13,8,"Lotus","Pacific","Pacific Stage 2","VCT"
890,"2024-07-06 03:45:00","ZETA","TLN",13,8,"Haven","Pacific","Pacific Stage 2","VCT"
891,"2024-07-07 01:00:00","TS","GENG",13,6,"Sunset","Pacific","Pacific Stage 2","VCT"
892,"2024-07-07 01:00:00","GENG","TS",13,7,"Lotus","Pacific","Pacific Stage 2","VCT"
893,"2024-07-07 01:00:00","TS","GENG",14,12,"Split","Pacific","Pacific Stage 2","VCT"
894,"2024-07-07 04:00:00","ZETA","PRX",13,9,"Ascent","Pacific","Pacific Stage 2","VCT"
895,"2024-07-07 04:00:00","PRX","ZETA",13,8,"Lotus","Pacific","Pacific Stage 2","VCT"
896,"2024-07-07 04:00:00","PRX","ZETA",13,4,"Sunset","Pacific","Pacific Stage 2","VCT"
897,"2024-07-08 01:00:00","T1","BLD",13,11,"Bind","Pacific","Pacific Stage 2","VCT"
898,"2024-07-08 01:00:00","BLD","T1",13,9,"Lotus","Pacific","Pacific Stage 2","VCT"
899,"2024-07-08 01:00:00","T1","BLD",13,8,"Ascent","Pacific","Pacific Stage 2","VCT"
900,"2024-07-08 14:00:00","100T","EG",13,10,"Lotus","Americas","Americas Stage 2","VCT"
901,"2024-07-08 14:00:00","EG","100T",13,10,"Bind","Americas","Americas Stage 2","VCT"
902,"2024-07-08 14:00:00","100T","EG",13,7,"Ascent","Americas","Americas Stage 2","VCT"
903,"2024-07-09 11:00:00","FUT","GX",13,4,"Split","EMEA","EMEA Stage 2","VCT"
904,"2024-07-09 11:00:00","FUT","GX",13,6,"Lotus","EMEA","EMEA Stage 2","VCT"
905,"2024-07-10 09:00:00","KOI","TH",13,11,"Icebox","EMEA","EMEA Stage 2","VCT"
906,"2024-07-10 09:00:00","TH","KOI",13,9,"Bind","EMEA","EMEA Stage 2","VCT"
907,"2024-07-10 09:00:00","TH","KOI",13,10,"Haven","EMEA","EMEA Stage 2","VCT"
908,"2024-07-10 12:20:00","FNC","TL",13,2,"Icebox","EMEA","EMEA Stage 2","VCT"
909,"2024-07-10 12:20:00","FNC","TL",13,9,"Haven","EMEA","EMEA Stage 2","VCT"
910,"2024-07-11 09:00:00","NAVI","GM8",13,7,"Sunset","EMEA","EMEA Stage 2","VCT"
911,"2024-07-11 09:00:00","GM8","NAVI",13,8,"Ascent","EMEA","EMEA Stage 2","VCT"
912,"2024-07-11 09:00:00","NAVI","GM8",13,11,"Split","EMEA","EMEA Stage 2","VCT"
913,"2024-07-11 12:10:00","VIT","KC",13,4,"Icebox","EMEA","EMEA Stage 2","VCT"
914,"2024-07-11 12:10:00","KC","VIT",13,9,"Lotus","EMEA","EMEA Stage 2","VCT"
915,"2024-07-11 12:10:00","VIT","KC",14,12,"Sunset","EMEA","EMEA Stage 2","VCT"
916,"2024-07-15 09:00:00","NAVI","VIT",13,8,"Haven","EMEA","EMEA Stage 2","VCT"
917,"2024-07-15 09:00:00","VIT","NAVI",13,5,"Sunset","EMEA","EMEA Stage 2","VCT"
918,"2024-07-15 09:00:00","VIT","NAVI",13,7,"Ascent","EMEA","EMEA Stage 2","VCT"
919,"2024-07-15 11:50:00","KC","FNC",13,7,"Icebox","EMEA","EMEA Stage 2","VCT"
920,"2024-07-15 11:50:00","FNC","KC",15,13,"Sunset","EMEA","EMEA Stage 2","VCT"
921,"2024-07-15 11:50:00","FNC","KC",13,6,"Lotus","EMEA","EMEA Stage 2","VCT"
922,"2024-07-16 09:00:00","TH","VIT",14,12,"Icebox","EMEA","EMEA Stage 2","VCT"
923,"2024-07-16 09:00:00","VIT","TH",13,10,"Sunset","EMEA","EMEA Stage 2","VCT"
924,"2024-07-16 12:45:00","FNC","FUT",15,13,"Sunset","EMEA","EMEA Stage 2","VCT"
925,"2024-07-16 12:45:00","FNC","FUT",13,5,"Haven","EMEA","EMEA Stage 2","VCT"
926,"2024-07-17 09:00:00","FNC","VIT",13,11,"Lotus","EMEA","EMEA Stage 2","VCT"
927,"2024-07-17 09:00:00","FNC","VIT",13,6,"Sunset","EMEA","EMEA Stage 2","VCT"
928,"2024-07-17 11:15:00","TH","FUT",13,10,"Abyss","EMEA","EMEA Stage 2","VCT"
929,"2024-07-17 11:15:00","TH","FUT",13,11,"Sunset","EMEA","EMEA Stage 2","VCT"
930,"2024-07-12 17:00:00","KRU","C9",13,7,"Icebox","Americas","Americas Stage 2","VCT"
931,"2024-07-12 17:00:00","KRU","C9",13,10,"Split","Americas","Americas Stage 2","VCT"
932,"2024-07-13 14:00:00","MIBR","EG",13,9,"Bind","Americas","Americas Stage 2","VCT"
933,"2024-07-13 14:00:00","MIBR","EG",13,2,"Lotus","Americas","Americas Stage 2","VCT"
934,"2024-07-13 16:10:00","LEV","FUR",13,6,"Sunset","Americas","Americas Stage 2","VCT"
935,"2024-07-13 16:10:00","LEV","FUR",13,6,"Icebox","Americas","Americas Stage 2","VCT"
936,"2024-07-14 14:00:00","100T","LOUD",13,1,"Ascent","Americas","Americas Stage 2","VCT"
937,"2024-07-14 14:00:00","LOUD","100T",13,8,"Bind","Americas","Americas Stage 2","VCT"
938,"2024-07-14 14:00:00","LOUD","100T",13,10,"Lotus","Americas","Americas Stage 2","VCT"
939,"2024-07-14 17:00:00","G2","SEN",13,6,"Bind","Americas","Americas Stage 2","VCT"
940,"2024-07-14 17:00:00","G2","SEN",13,9,"Lotus","Americas","Americas Stage 2","VCT"
941,"2024-07-17 14:00:00","KRU","C9",13,11,"Abyss","Americas","Americas Stage 2","VCT"
942,"2024-07-17 14:00:00","C9","KRU",13,11,"Lotus","Americas","Americas Stage 2","VCT"
943,"2024-07-17 14:00:00","KRU","C9",13,6,"Haven","Americas","Americas Stage 2","VCT"
944,"2024-07-17 17:30:00","100T","SEN",13,7,"Haven","Americas","Americas Stage 2","VCT"
945,"2024-07-17 17:30:00","100T","SEN",13,10,"Ascent","Americas","Americas Stage 2","VCT"
946,"2024-07-18 14:00:00","LEV","KRU",13,2,"Icebox","Americas","Americas Stage 2","VCT"
947,"2024-07-18 14:00:00","LEV","KRU",13,4,"Sunset","Americas","Americas Stage 2","VCT"
948,"2024-07-18 15:55:00","G2","100T",13,5,"Lotus","Americas","Americas Stage 2","VCT"
949,"2024-07-18 15:55:00","G2","100T",13,10,"Abyss","Americas","Americas Stage 2","VCT"
950,"2024-07-16 01:00:00","TRC","AG",13,7,"Lotus","China","China Stage 2","VCT"
951,"2024-07-16 01:00:00","TRC","AG",13,10,"Sunset","China","China Stage 2","VCT"
952,"2024-07-16 03:25:00","BILI","JDG",13,9,"Sunset","China","China Stage 2","VCT"
953,"2024-07-16 03:25:00","BILI","JDG",13,7,"Icebox","China","China Stage 2","VCT"
954,"2024-07-17 01:00:00","TRC","FPX",13,3,"Ascent","China","China Stage 2","VCT"
955,"2024-07-17 01:00:00","TRC","FPX",13,11,"Haven","China","China Stage 2","VCT"
956,"2024-07-17 03:10:00","EDG","BILI",13,5,"Sunset","China","China Stage 2","VCT"
957,"2024-07-17 03:10:00","BILI","EDG",13,7,"Bind","China","China Stage 2","VCT"
958,"2024-07-17 03:10:00","EDG","BILI",13,10,"Lotus","China","China Stage 2","VCT"
959,"2024-07-18 01:00:00","EDG","TRC",13,2,"Sunset","China","China Stage 2","VCT"
960,"2024-07-18 01:00:00","EDG","TRC",13,5,"Abyss","China","China Stage 2","VCT"
961,"2024-07-18 02:50:00","FPX","BILI",13,3,"Ascent","China","China Stage 2","VCT"
962,"2024-07-18 02:50:00","BILI","FPX",14,12,"Icebox","China","China Stage 2","VCT"
963,"2024-07-18 02:50:00","FPX","BILI",13,10,"Lotus","China","China Stage 2","VCT"
964,"2024-07-19 01:00:00","TRC","FPX",13,11,"Lotus","China","China Stage 2","VCT"
965,"2024-07-19 01:00:00","TRC","FPX",13,8,"Ascent","China","China Stage 2","VCT"
966,"2024-07-19 01:00:00","FPX","TRC",13,8,"Abyss","China","China Stage 2","VCT"
967,"2024-07-19 01:00:00","FPX","TRC",13,9,"Bind","China","China Stage 2","VCT"
968,"2024-07-19 01:00:00","FPX","TRC",13,8,"Haven","China","China Stage 2","VCT"
969,"2024-07-12 01:00:00","GENG","RRQ",13,8,"Haven","Pacific","Pacific Stage 2","VCT"
970,"2024-07-12 01:00:00","GENG","RRQ",13,11,"Bind","Pacific","Pacific Stage 2","VCT"
971,"2024-07-12 03:15:00","TLN","TS",13,11,"Lotus","Pacific","Pacific Stage 2","VCT"
972,"2024-07-12 03:15:00","TLN","TS",13,11,"Abyss","Pacific","Pacific Stage 2","VCT"
973,"2024-07-13 01:00:00","GENG","PRX",13,10,"Ascent","Pacific","Pacific Stage 2","VCT"
974,"2024-07-13 01:00:00","GENG","PRX",13,5,"Icebox","Pacific","Pacific Stage 2","VCT"
975,"2024-07-13 03:05:00","DRX","TLN",13,8,"Ascent","Pacific","Pacific Stage 2","VCT"
976,"2024-07-13 03:05:00","DRX","TLN",13,4,"Abyss","Pacific","Pacific Stage 2","VCT"
977,"2024-07-14 01:00:00","GENG","DRX",13,9,"Haven","Pacific","Pacific Stage 2","VCT"
978,"2024-07-14 01:00:00","DRX","GENG",13,10,"Sunset","Pacific","Pacific Stage 2","VCT"
979,"2024-07-14 01:00:00","GENG","DRX",13,6,"Bind","Pacific","Pacific Stage 2","VCT"
980,"2024-07-14 04:15:00","PRX","TLN",13,3,"Ascent","Pacific","Pacific Stage 2","VCT"
981,"2024-07-14 04:15:00","PRX","TLN",13,3,"Sunset","Pacific","Pacific Stage 2","VCT"
982,"2024-07-19 14:00:00","G2","LEV",13,8,"Icebox","Americas","Americas Stage 2","VCT"
983,"2024-07-19 14:00:00","G2","LEV",13,6,"Bind","Americas","Americas Stage 2","VCT"
984,"2024-07-19 16:10:00","100T","KRU",13,9,"Icebox","Americas","Americas Stage 2","VCT"
985,"2024-07-19 16:10:00","KRU","100T",13,11,"Lotus","Americas","Americas Stage 2","VCT"
986,"2024-07-19 16:10:00","KRU","100T",13,11,"Ascent","Americas","Americas Stage 2","VCT"
987,"2024-07-20 14:00:00","LEV","KRU",13,3,"Icebox","Americas","Americas Stage 2","VCT"
988,"2024-07-20 14:00:00","KRU","LEV",13,11,"Haven","Americas","Americas Stage 2","VCT"
989,"2024-07-20 14:00:00","KRU","LEV",13,7,"Sunset","Americas","Americas Stage 2","VCT"
990,"2024-07-20 14:00:00","LEV","KRU",13,10,"Abyss","Americas","Americas Stage 2","VCT"
991,"2024-07-20 14:00:00","LEV","KRU",13,10,"Ascent","Americas","Americas Stage 2","VCT"
992,"2024-07-21 14:00:00","LEV","G2",15,13,"Lotus","Americas","Americas Stage 2","VCT"
993,"2024-07-21 14:00:00","LEV","G2",16,14,"Haven","Americas","Americas Stage 2","VCT"
994,"2024-07-21 14:00:00","G2","LEV",13,9,"Bind","Americas","Americas Stage 2","VCT"
995,"2024-07-21 14:00:00","LEV","G2",13,4,"Ascent","Americas","Americas Stage 2","VCT"
996,"2024-07-20 01:30:00","EDG","FPX",13,9,"Sunset","China","Chinas Stage 2","VCT"
997,"2024-07-20 01:30:00","FPX","EDG",13,8,"Abyss","China","China Stage 2","VCT"
998,"2024-07-20 01:30:00","EDG","FPX",13,7,"Haven","China","China Stage 2","VCT"
999,"2024-07-20 01:30:00","FPX","EDG",13,9,"Icebox","China","China Stage 2","VCT"
1000,"2024-07-20 01:30:00","EDG","FPX",13,8,"Bind","China","China Stage 2","VCT"
1001,"2024-07-20 01:00:00","PRX","DRX",13,7,"Abyss","Pacific","Pacific Stage 2","VCT"
1002,"2024-07-20 01:00:00","PRX","DRX",13,10,"Lotus","Pacific","Pacific Stage 2","VCT"
1003,"2024-07-20 01:00:00","DRX","PRX",13,10,"Bind","Pacific","Pacific Stage 2","VCT"
1004,"2024-07-20 01:00:00","DRX","PRX",13,10,"Icebox","Pacific","Pacific Stage 2","VCT"
1005,"2024-07-20 01:00:00","DRX","PRX",13,7,"Ascent","Pacific","Pacific Stage 2","VCT"
1006,"2024-07-19 09:00:00","TH","VIT",13,6,"Icebox","EMEA","EMEA Stage 2","VCT"
1007,"2024-07-19 09:00:00","VIT","TH",13,4,"Sunset","EMEA","EMEA Stage 2","VCT"
1008,"2024-07-19 09:00:00","VIT","TH",13,3,"Lotus","EMEA","EMEA Stage 2","VCT"
1009,"2024-07-19 09:00:00","VIT","TH",13,9,"Haven","EMEA","EMEA Stage 2","VCT"
1010,"2024-07-20 09:00:00","FNC","VIT",13,8,"Haven","EMEA","EMEA Stage 2","VCT"
1011,"2024-07-20 09:00:00","VIT","FNC",13,9,"Ascent","EMEA","EMEA Stage 2","VCT"
1012,"2024-07-20 09:00:00","FNC","VIT",13,9,"Lotus","EMEA","EMEA Stage 2","VCT"
1013,"2024-07-20 09:00:00","FNC","VIT",13,3,"Bind","EMEA","EMEA Stage 2","VCT"
1014,"2024-07-16 09:00:00","VIT","TH",14,12,"Bind","EMEA","EMEA Stage 2","VCT"
1015,"2024-08-01 01:00:00","GENG","SEN",13,8,"Haven","International","Champions","VCT"
1016,"2024-08-01 01:00:00","GENG","SEN",13,7,"Ascent","International","Champions","VCT"
1017,"2024-08-01 03:25:00","TH","FPX",14,12,"Abyss","International","Champions","VCT"
1018,"2024-08-01 03:25:00","FPX","TH",13,9,"Bind","International","Champions","VCT"
1019,"2024-08-01 03:25:00","TH","FPX",15,13,"Lotus","International","Champions","VCT"
1020,"2024-08-02 01:00:00","KRU","DRX",13,2,"Haven","International","Champions","VCT"
1021,"2024-08-02 01:00:00","DRX","KRU",13,6,"Abyss","International","Champions","VCT"
1022,"2024-08-02 01:00:00","DRX","KRU",13,6,"Bind","International","Champions","VCT"
1023,"2024-08-02 04:00:00","FNC","BILI",13,9,"Bind","International","Champions","VCT"
1024,"2024-08-02 04:00:00","FNC","BILI",13,4,"Lotus","International","Champions","VCT"
1025,"2024-08-03 01:00:00","LEV","TLN",13,11,"Bind","International","Champions","VCT"
1026,"2024-08-03 01:00:00","LEV","TLN",13,8,"Ascent","International","Champions","VCT"
1027,"2024-08-03 03:30:00","TRC","VIT",15,13,"Ascent","International","Champions","VCT"
1028,"2024-08-03 03:30:00","VIT","TRC",13,7,"Sunset","International","Champions","VCT"
1029,"2024-08-03 03:30:00","TRC","VIT",13,7,"Bind","International","Champions","VCT"
1030,"2024-08-04 01:00:00","G2","PRX",13,8,"Icebox","International","Champions","VCT"
1031,"2024-08-04 01:00:00","G2","PRX",13,9,"Lotus","International","Champions","VCT"
1032,"2024-08-04 03:15:00","EDG","FUT",13,9,"Lotus","International","Champions","VCT"
1033,"2024-08-04 03:15:00","EDG","FUT",13,10,"Bind","International","Champions","VCT"
1034,"2024-08-06 01:00:00","GENG","TH",13,11,"Abyss","International","Champions","VCT"
1035,"2024-08-06 01:00:00","TH","GENG",13,11,"Lotus","International","Champions","VCT"
1036,"2024-08-06 01:00:00","TH","GENG",13,10,"Bind","International","Champions","VCT"
1037,"2024-08-06 04:35:00","DRX","FNC",13,11,"Abyss","International","Champions","VCT"
1038,"2024-08-06 04:35:00","DRX","FNC",13,6,"Lotus","International","Champions","VCT"
1039,"2024-08-07 01:00:00","TRC","LEV",13,10,"Bind","International","Champions","VCT"
1040,"2024-08-07 01:00:00","LEV","TRC",13,9,"Sunset","International","Champions","VCT"
1041,"2024-08-07 01:00:00","TRC","LEV",13,10,"Ascent","International","Champions","VCT"
1042,"2024-08-07 04:15:00","EDG","G2",13,8,"Icebox","International","Champions","VCT"
1043,"2024-08-07 04:15:00","G2","EDG",13,11,"Haven","International","Champions","VCT"
1044,"2024-08-07 04:15:00","G2","EDG",13,11,"Bind","International","Champions","VCT"
1045,"2024-08-08 01:00:00","SEN","FPX",13,8,"Bind","International","Champions","VCT"
1046,"2024-08-08 01:00:00","SEN","FPX",13,5,"Lotus","International","Champions","VCT"
1047,"2024-08-08 03:10:00","KRU","FPX",13,9,"Lotus","International","Champions","VCT"
1048,"2024-08-08 03:10:00","KRU","FPX",13,4,"Icebox","International","Champions","VCT"
1049,"2024-08-09 01:00:00","VIT","TLN",13,6,"Lotus","International","Champions","VCT"
1050,"2024-08-09 01:00:00","VIT","TLN",13,8,"Sunset","International","Champions","VCT"
1051,"2024-08-09 03:25:00","PRX","FUT",13,11,"Sunset","International","Champions","VCT"
1052,"2024-08-09 03:25:00","PRX","FUT",13,6,"Bind","International","Champions","VCT"
1053,"2024-08-10 01:00:00","SEN","GENG",13,9,"Lotus","International","Champions","VCT"
1054,"2024-08-10 01:00:00","SEN","GENG",13,6,"Icebox","International","Champions","VCT"
1055,"2024-08-10 03:15:00","KRU","FNC",13,11,"Sunset","International","Champions","VCT"
1056,"2024-08-10 03:15:00","FNC","KRU",13,9,"Haven","International","Champions","VCT"
1057,"2024-08-10 03:15:00","FNC","KRU",13,5,"Lotus","International","Champions","VCT"
1058,"2024-08-11 01:00:00","LEV","VIT",14,12,"Icebox","International","Champions","VCT"
1059,"2024-08-11 01:00:00","LEV","VIT",13,4,"Sunset","International","Champions","VCT"
1060,"2024-08-11 03:15:00","PRX","EDG",13,3,"Icebox","International","Champions","VCT"
1061,"2024-08-11 03:15:00","EDG","PRX",13,8,"Sunset","International","Champions","VCT"
1062,"2024-08-11 03:15:00","EDG","PRX",13,4,"Lotus","International","Champions","VCT"
1063,"2024-08-14 01:00:00","SEN","DRX",15,13,"Sunset","International","Champions","VCT"
1064,"2024-08-14 01:00:00","SEN","DRX",13,8,"Haven","International","Champions","VCT"
1065,"2024-08-14 03:25:00","EDG","TRC",13,7,"Bind","International","Champions","VCT"
1066,"2024-08-14 03:25:00","EDG","TRC",13,10,"Sunset","International","Champions","VCT"
1067,"2024-08-15 01:00:00","LEV","G2",16,14,"Icebox","International","Champions","VCT"
1068,"2024-08-15 01:00:00","LEV","G2",13,5,"Abyss","International","Champions","VCT"
1069,"2024-08-15 03:25:00","TH","FNC",13,3,"Lotus","International","Champions","VCT"
1070,"2024-08-15 03:25:00","TH","FNC",14,12,"Abyss","International","Champions","VCT"
1071,"2024-08-16 01:00:00","DRX","TRC",13,3,"Lotus","International","Champions","VCT"
1072,"2024-08-16 01:00:00","DRX","TRC",13,5,"Abyss","International","Champions","VCT"
1073,"2024-08-16 02:50:00","FNC","G2",13,3,"Haven","International","Champions","VCT"
1074,"2024-08-16 02:50:00","FNC","G2",13,11,"Bind","International","Champions","VCT"
1075,"2024-08-17 01:00:00","SEN","EDG",13,9,"Haven","International","Champions","VCT"
1076,"2024-08-17 01:00:00","EDG","SEN",13,9,"Lotus","International","Champions","VCT"
1077,"2024-08-17 01:00:00","EDG","SEN",13,6,"Sunset","International","Champions","VCT"
1078,"2024-08-17 04:15:00","LEV","TH",15,13,"Icebox","International","Champions","VCT"
1079,"2024-08-17 04:15:00","LEV","TH",13,10,"Lotus","International","Champions","VCT"
1080,"2024-08-18 01:00:00","SEN","FNC",13,11,"Sunset","International","Champions","VCT"
1081,"2024-08-18 01:00:00","FNC","SEN",13,9,"Bind","International","Champions","VCT"
1082,"2024-08-18 01:00:00","SEN","FNC",13,6,"Haven","International","Champions","VCT"
1083,"2024-08-18 04:25:00","DRX","TH",13,5,"Abyss","International","Champions","VCT"
1084,"2024-08-18 04:25:00","TH","DRX",13,5,"Sunset","International","Champions","VCT"
1085,"2024-08-18 04:25:00","TH","DRX",13,10,"Icebox","International","Champions","VCT"
1086,"2024-08-23 00:00:01","LEV","EDG",16,14,"Icebox","International","Champions","VCT"
1087,"2024-08-23 00:00:01","EDG","LEV",13,4,"Lotus","International","Champions","VCT"
1088,"2024-08-23 00:00:01","EDG","LEV",13,11,"Abyss","International","Champions","VCT"
1089,"2024-08-23 03:45:00","SEN","TH",13,8,"Haven","International","Champions","VCT"
1090,"2024-08-23 03:45:00","TH","SEN",13,9,"Icebox","International","Champions","VCT"
1091,"2024-08-23 03:45:00","TH","SEN",13,7,"Abyss","International","Champions","VCT"
1092,"2024-08-24 00:00:01","TH","LEV",13,7,"Icebox","International","Champions","VCT"
1093,"2024-08-24 00:00:01","TH","LEV",15,13,"Sunset","International","Champions","VCT"
1094,"2024-08-24 00:00:01","LEV","TH",13,9,"Abyss","International","Champions","VCT"
1095,"2024-08-24 00:00:01","TH","LEV",13,3,"Lotus","International","Champions","VCT"
1096,"2024-08-25 00:00:01","TH","EDG",13,6,"Haven","International","Champions","VCT"
1097,"2024-08-25 00:00:01","EDG","TH",13,4,"Sunset","International","Champions","VCT"
1098,"2024-08-25 00:00:01","EDG","TH",13,9,"Lotus","International","Champions","VCT"
1099,"2024-08-25 00:00:01","TH","EDG",13,11,"Bind","International","Champions","VCT"
1100,"2024-08-25 00:00:01","EDG","TH",13,9,"Abyss","International","Champions","VCT"
